table_name;SOURCE_SYSTEM;FILE_NAME;FILE_TYPE;COMPRESSION;COLUMN_NAME;DATA_TYPE;STRING_SEPARATOR;FIELD_SEPARATOR;DECIMAL_SEPARATOR;NULLABLE;TABLE_TYPE;DATA_FORMAT;GDPR_DESCRIPTION;GDPR_FLAG
TEST_TABLE0;DWH;*.parquet;PARQUET;SNAPPY;COLUMN0;VARCHAR2;;;.;N;SNAPSHOT;;;True
TEST_TABLE0;DWH;*.parquet;PARQUET;SNAPPY;COLUMN1;VARCHAR2;;;.;N;SNAPSHOT;;;True
TEST_TABLE0;DWH;*.parquet;PARQUET;SNAPPY;COLUMN2;VARCHAR2;;;.;N;SNAPSHOT;;;True
TEST_TABLE0;DWH;*.parquet;PARQUET;SNAPPY;COLUMN3;VARCHAR2;;;.;N;SNAPSHOT;;;True
TEST_TABLE0;DWH;*.parquet;PARQUET;SNAPPY;COLUMN4;VARCHAR2;;;.;N;SNAPSHOT;;;True
TEST_TABLE0;DWH;*.parquet;PARQUET;SNAPPY;COLUMN5;VARCHAR2;;;.;N;SNAPSHOT;;;True
TEST_TABLE0;DWH;*.parquet;PARQUET;SNAPPY;COLUMN6;VARCHAR2;;;.;N;SNAPSHOT;;;True
TEST_TABLE0;DWH;*.parquet;PARQUET;SNAPPY;COLUMN7;VARCHAR2;;;.;N;SNAPSHOT;;;True
TEST_TABLE0;DWH;*.parquet;PARQUET;SNAPPY;COLUMN8;VARCHAR2;;;.;N;SNAPSHOT;;;True
TEST_TABLE0;DWH;*.parquet;PARQUET;SNAPPY;COLUMN9;VARCHAR2;;;.;N;SNAPSHOT;;;True
TEST_TABLE1;DWH;*.parquet;PARQUET;SNAPPY;COLUMN0;VARCHAR2;;;.;N;SNAPSHOT;;;True
TEST_TABLE1;DWH;*.parquet;PARQUET;SNAPPY;COLUMN1;VARCHAR2;;;.;N;SNAPSHOT;;;True
TEST_TABLE1;DWH;*.parquet;PARQUET;SNAPPY;COLUMN2;VARCHAR2;;;.;N;SNAPSHOT;;;True
TEST_TABLE1;DWH;*.parquet;PARQUET;SNAPPY;COLUMN3;VARCHAR2;;;.;N;SNAPSHOT;;;True
TEST_TABLE1;DWH;*.parquet;PARQUET;SNAPPY;COLUMN4;VARCHAR2;;;.;N;SNAPSHOT;;;True
TEST_TABLE1;DWH;*.parquet;PARQUET;SNAPPY;COLUMN5;VARCHAR2;;;.;N;SNAPSHOT;;;True
TEST_TABLE1;DWH;*.parquet;PARQUET;SNAPPY;COLUMN6;VARCHAR2;;;.;N;SNAPSHOT;;;True
TEST_TABLE1;DWH;*.parquet;PARQUET;SNAPPY;COLUMN7;VARCHAR2;;;.;N;SNAPSHOT;;;True
TEST_TABLE1;DWH;*.parquet;PARQUET;SNAPPY;COLUMN8;VARCHAR2;;;.;N;SNAPSHOT;;;True
TEST_TABLE1;DWH;*.parquet;PARQUET;SNAPPY;COLUMN9;VARCHAR2;;;.;N;SNAPSHOT;;;True
TEST_TABLE2;DWH;*.parquet;PARQUET;SNAPPY;COLUMN0;VARCHAR2;;;.;N;SNAPSHOT;;;True
TEST_TABLE2;DWH;*.parquet;PARQUET;SNAPPY;COLUMN1;VARCHAR2;;;.;N;SNAPSHOT;;;True
TEST_TABLE2;DWH;*.parquet;PARQUET;SNAPPY;COLUMN2;VARCHAR2;;;.;N;SNAPSHOT;;;True
TEST_TABLE2;DWH;*.parquet;PARQUET;SNAPPY;COLUMN3;VARCHAR2;;;.;N;SNAPSHOT;;;True
TEST_TABLE2;DWH;*.parquet;PARQUET;SNAPPY;COLUMN4;VARCHAR2;;;.;N;SNAPSHOT;;;True
TEST_TABLE2;DWH;*.parquet;PARQUET;SNAPPY;COLUMN5;VARCHAR2;;;.;N;SNAPSHOT;;;True
TEST_TABLE2;DWH;*.parquet;PARQUET;SNAPPY;COLUMN6;VARCHAR2;;;.;N;SNAPSHOT;;;True
TEST_TABLE2;DWH;*.parquet;PARQUET;SNAPPY;COLUMN7;VARCHAR2;;;.;N;SNAPSHOT;;;True
TEST_TABLE2;DWH;*.parquet;PARQUET;SNAPPY;COLUMN8;VARCHAR2;;;.;N;SNAPSHOT;;;True
TEST_TABLE2;DWH;*.parquet;PARQUET;SNAPPY;COLUMN9;VARCHAR2;;;.;N;SNAPSHOT;;;True
TEST_TABLE3;DWH;*.parquet;PARQUET;SNAPPY;COLUMN0;VARCHAR2;;;.;N;SNAPSHOT;;;True
TEST_TABLE3;DWH;*.parquet;PARQUET;SNAPPY;COLUMN1;VARCHAR2;;;.;N;SNAPSHOT;;;True
TEST_TABLE3;DWH;*.parquet;PARQUET;SNAPPY;COLUMN2;VARCHAR2;;;.;N;SNAPSHOT;;;True
TEST_TABLE3;DWH;*.parquet;PARQUET;SNAPPY;COLUMN3;VARCHAR2;;;.;N;SNAPSHOT;;;True
TEST_TABLE3;DWH;*.parquet;PARQUET;SNAPPY;COLUMN4;VARCHAR2;;;.;N;SNAPSHOT;;;True
TEST_TABLE3;DWH;*.parquet;PARQUET;SNAPPY;COLUMN5;VARCHAR2;;;.;N;SNAPSHOT;;;True
TEST_TABLE3;DWH;*.parquet;PARQUET;SNAPPY;COLUMN6;VARCHAR2;;;.;N;SNAPSHOT;;;True
TEST_TABLE3;DWH;*.parquet;PARQUET;SNAPPY;COLUMN7;VARCHAR2;;;.;N;SNAPSHOT;;;True
TEST_TABLE3;DWH;*.parquet;PARQUET;SNAPPY;COLUMN8;VARCHAR2;;;.;N;SNAPSHOT;;;True
TEST_TABLE3;DWH;*.parquet;PARQUET;SNAPPY;COLUMN9;VARCHAR2;;;.;N;SNAPSHOT;;;True
TEST_TABLE4;DWH;*.parquet;PARQUET;SNAPPY;COLUMN0;VARCHAR2;;;.;N;SNAPSHOT;;;True
TEST_TABLE4;DWH;*.parquet;PARQUET;SNAPPY;COLUMN1;VARCHAR2;;;.;N;SNAPSHOT;;;True
TEST_TABLE4;DWH;*.parquet;PARQUET;SNAPPY;COLUMN2;VARCHAR2;;;.;N;SNAPSHOT;;;True
TEST_TABLE4;DWH;*.parquet;PARQUET;SNAPPY;COLUMN3;VARCHAR2;;;.;N;SNAPSHOT;;;True
TEST_TABLE4;DWH;*.parquet;PARQUET;SNAPPY;COLUMN4;VARCHAR2;;;.;N;SNAPSHOT;;;True
TEST_TABLE4;DWH;*.parquet;PARQUET;SNAPPY;COLUMN5;VARCHAR2;;;.;N;SNAPSHOT;;;True
TEST_TABLE4;DWH;*.parquet;PARQUET;SNAPPY;COLUMN6;VARCHAR2;;;.;N;SNAPSHOT;;;True
TEST_TABLE4;DWH;*.parquet;PARQUET;SNAPPY;COLUMN7;VARCHAR2;;;.;N;SNAPSHOT;;;True
TEST_TABLE4;DWH;*.parquet;PARQUET;SNAPPY;COLUMN8;VARCHAR2;;;.;N;SNAPSHOT;;;True
TEST_TABLE4;DWH;*.parquet;PARQUET;SNAPPY;COLUMN9;VARCHAR2;;;.;N;SNAPSHOT;;;True
TEST_TABLE5;DWH;*.parquet;PARQUET;SNAPPY;COLUMN0;VARCHAR2;;;.;N;SNAPSHOT;;;True
TEST_TABLE5;DWH;*.parquet;PARQUET;SNAPPY;COLUMN1;VARCHAR2;;;.;N;SNAPSHOT;;;True
TEST_TABLE5;DWH;*.parquet;PARQUET;SNAPPY;COLUMN2;VARCHAR2;;;.;N;SNAPSHOT;;;True
TEST_TABLE5;DWH;*.parquet;PARQUET;SNAPPY;COLUMN3;VARCHAR2;;;.;N;SNAPSHOT;;;True
TEST_TABLE5;DWH;*.parquet;PARQUET;SNAPPY;COLUMN4;VARCHAR2;;;.;N;SNAPSHOT;;;True
TEST_TABLE5;DWH;*.parquet;PARQUET;SNAPPY;COLUMN5;VARCHAR2;;;.;N;SNAPSHOT;;;True
TEST_TABLE5;DWH;*.parquet;PARQUET;SNAPPY;COLUMN6;VARCHAR2;;;.;N;SNAPSHOT;;;True
TEST_TABLE5;DWH;*.parquet;PARQUET;SNAPPY;COLUMN7;VARCHAR2;;;.;N;SNAPSHOT;;;True
TEST_TABLE5;DWH;*.parquet;PARQUET;SNAPPY;COLUMN8;VARCHAR2;;;.;N;SNAPSHOT;;;True
TEST_TABLE5;DWH;*.parquet;PARQUET;SNAPPY;COLUMN9;VARCHAR2;;;.;N;SNAPSHOT;;;True
TEST_TABLE6;DWH;*.parquet;PARQUET;SNAPPY;COLUMN0;VARCHAR2;;;.;N;SNAPSHOT;;;True
TEST_TABLE6;DWH;*.parquet;PARQUET;SNAPPY;COLUMN1;VARCHAR2;;;.;N;SNAPSHOT;;;True
TEST_TABLE6;DWH;*.parquet;PARQUET;SNAPPY;COLUMN2;VARCHAR2;;;.;N;SNAPSHOT;;;True
TEST_TABLE6;DWH;*.parquet;PARQUET;SNAPPY;COLUMN3;VARCHAR2;;;.;N;SNAPSHOT;;;True
TEST_TABLE6;DWH;*.parquet;PARQUET;SNAPPY;COLUMN4;VARCHAR2;;;.;N;SNAPSHOT;;;True
TEST_TABLE6;DWH;*.parquet;PARQUET;SNAPPY;COLUMN5;VARCHAR2;;;.;N;SNAPSHOT;;;True
TEST_TABLE6;DWH;*.parquet;PARQUET;SNAPPY;COLUMN6;VARCHAR2;;;.;N;SNAPSHOT;;;True
TEST_TABLE6;DWH;*.parquet;PARQUET;SNAPPY;COLUMN7;VARCHAR2;;;.;N;SNAPSHOT;;;True
TEST_TABLE6;DWH;*.parquet;PARQUET;SNAPPY;COLUMN8;VARCHAR2;;;.;N;SNAPSHOT;;;True
TEST_TABLE6;DWH;*.parquet;PARQUET;SNAPPY;COLUMN9;VARCHAR2;;;.;N;SNAPSHOT;;;True
TEST_TABLE7;DWH;*.parquet;PARQUET;SNAPPY;COLUMN0;VARCHAR2;;;.;N;SNAPSHOT;;;True
TEST_TABLE7;DWH;*.parquet;PARQUET;SNAPPY;COLUMN1;VARCHAR2;;;.;N;SNAPSHOT;;;True
TEST_TABLE7;DWH;*.parquet;PARQUET;SNAPPY;COLUMN2;VARCHAR2;;;.;N;SNAPSHOT;;;True
TEST_TABLE7;DWH;*.parquet;PARQUET;SNAPPY;COLUMN3;VARCHAR2;;;.;N;SNAPSHOT;;;True
TEST_TABLE7;DWH;*.parquet;PARQUET;SNAPPY;COLUMN4;VARCHAR2;;;.;N;SNAPSHOT;;;True
TEST_TABLE7;DWH;*.parquet;PARQUET;SNAPPY;COLUMN5;VARCHAR2;;;.;N;SNAPSHOT;;;True
TEST_TABLE7;DWH;*.parquet;PARQUET;SNAPPY;COLUMN6;VARCHAR2;;;.;N;SNAPSHOT;;;True
TEST_TABLE7;DWH;*.parquet;PARQUET;SNAPPY;COLUMN7;VARCHAR2;;;.;N;SNAPSHOT;;;True
TEST_TABLE7;DWH;*.parquet;PARQUET;SNAPPY;COLUMN8;VARCHAR2;;;.;N;SNAPSHOT;;;True
TEST_TABLE7;DWH;*.parquet;PARQUET;SNAPPY;COLUMN9;VARCHAR2;;;.;N;SNAPSHOT;;;True
TEST_TABLE8;DWH;*.parquet;PARQUET;SNAPPY;COLUMN0;VARCHAR2;;;.;N;SNAPSHOT;;;True
TEST_TABLE8;DWH;*.parquet;PARQUET;SNAPPY;COLUMN1;VARCHAR2;;;.;N;SNAPSHOT;;;True
TEST_TABLE8;DWH;*.parquet;PARQUET;SNAPPY;COLUMN2;VARCHAR2;;;.;N;SNAPSHOT;;;True
TEST_TABLE8;DWH;*.parquet;PARQUET;SNAPPY;COLUMN3;VARCHAR2;;;.;N;SNAPSHOT;;;True
TEST_TABLE8;DWH;*.parquet;PARQUET;SNAPPY;COLUMN4;VARCHAR2;;;.;N;SNAPSHOT;;;True
TEST_TABLE8;DWH;*.parquet;PARQUET;SNAPPY;COLUMN5;VARCHAR2;;;.;N;SNAPSHOT;;;True
TEST_TABLE8;DWH;*.parquet;PARQUET;SNAPPY;COLUMN6;VARCHAR2;;;.;N;SNAPSHOT;;;True
TEST_TABLE8;DWH;*.parquet;PARQUET;SNAPPY;COLUMN7;VARCHAR2;;;.;N;SNAPSHOT;;;True
TEST_TABLE8;DWH;*.parquet;PARQUET;SNAPPY;COLUMN8;VARCHAR2;;;.;N;SNAPSHOT;;;True
TEST_TABLE8;DWH;*.parquet;PARQUET;SNAPPY;COLUMN9;VARCHAR2;;;.;N;SNAPSHOT;;;True
TEST_TABLE9;DWH;*.parquet;PARQUET;SNAPPY;COLUMN0;VARCHAR2;;;.;N;SNAPSHOT;;;True
TEST_TABLE9;DWH;*.parquet;PARQUET;SNAPPY;COLUMN1;VARCHAR2;;;.;N;SNAPSHOT;;;True
TEST_TABLE9;DWH;*.parquet;PARQUET;SNAPPY;COLUMN2;VARCHAR2;;;.;N;SNAPSHOT;;;True
TEST_TABLE9;DWH;*.parquet;PARQUET;SNAPPY;COLUMN3;VARCHAR2;;;.;N;SNAPSHOT;;;True
TEST_TABLE9;DWH;*.parquet;PARQUET;SNAPPY;COLUMN4;VARCHAR2;;;.;N;SNAPSHOT;;;True
TEST_TABLE9;DWH;*.parquet;PARQUET;SNAPPY;COLUMN5;VARCHAR2;;;.;N;SNAPSHOT;;;True
TEST_TABLE9;DWH;*.parquet;PARQUET;SNAPPY;COLUMN6;VARCHAR2;;;.;N;SNAPSHOT;;;True
TEST_TABLE9;DWH;*.parquet;PARQUET;SNAPPY;COLUMN7;VARCHAR2;;;.;N;SNAPSHOT;;;True
TEST_TABLE9;DWH;*.parquet;PARQUET;SNAPPY;COLUMN8;VARCHAR2;;;.;N;SNAPSHOT;;;True
TEST_TABLE9;DWH;*.parquet;PARQUET;SNAPPY;COLUMN9;VARCHAR2;;;.;N;SNAPSHOT;;;True
TEST_TABLE10;DWH;*.parquet;PARQUET;SNAPPY;COLUMN0;VARCHAR2;;;.;N;SNAPSHOT;;;True
TEST_TABLE10;DWH;*.parquet;PARQUET;SNAPPY;COLUMN1;VARCHAR2;;;.;N;SNAPSHOT;;;True
TEST_TABLE10;DWH;*.parquet;PARQUET;SNAPPY;COLUMN2;VARCHAR2;;;.;N;SNAPSHOT;;;True
TEST_TABLE10;DWH;*.parquet;PARQUET;SNAPPY;COLUMN3;VARCHAR2;;;.;N;SNAPSHOT;;;True
TEST_TABLE10;DWH;*.parquet;PARQUET;SNAPPY;COLUMN4;VARCHAR2;;;.;N;SNAPSHOT;;;True
TEST_TABLE10;DWH;*.parquet;PARQUET;SNAPPY;COLUMN5;VARCHAR2;;;.;N;SNAPSHOT;;;True
TEST_TABLE10;DWH;*.parquet;PARQUET;SNAPPY;COLUMN6;VARCHAR2;;;.;N;SNAPSHOT;;;True
TEST_TABLE10;DWH;*.parquet;PARQUET;SNAPPY;COLUMN7;VARCHAR2;;;.;N;SNAPSHOT;;;True
TEST_TABLE10;DWH;*.parquet;PARQUET;SNAPPY;COLUMN8;VARCHAR2;;;.;N;SNAPSHOT;;;True
TEST_TABLE10;DWH;*.parquet;PARQUET;SNAPPY;COLUMN9;VARCHAR2;;;.;N;SNAPSHOT;;;True
TEST_TABLE11;DWH;*.parquet;PARQUET;SNAPPY;COLUMN0;VARCHAR2;;;.;N;SNAPSHOT;;;True
TEST_TABLE11;DWH;*.parquet;PARQUET;SNAPPY;COLUMN1;VARCHAR2;;;.;N;SNAPSHOT;;;True
TEST_TABLE11;DWH;*.parquet;PARQUET;SNAPPY;COLUMN2;VARCHAR2;;;.;N;SNAPSHOT;;;True
TEST_TABLE11;DWH;*.parquet;PARQUET;SNAPPY;COLUMN3;VARCHAR2;;;.;N;SNAPSHOT;;;True
TEST_TABLE11;DWH;*.parquet;PARQUET;SNAPPY;COLUMN4;VARCHAR2;;;.;N;SNAPSHOT;;;True
TEST_TABLE11;DWH;*.parquet;PARQUET;SNAPPY;COLUMN5;VARCHAR2;;;.;N;SNAPSHOT;;;True
TEST_TABLE11;DWH;*.parquet;PARQUET;SNAPPY;COLUMN6;VARCHAR2;;;.;N;SNAPSHOT;;;True
TEST_TABLE11;DWH;*.parquet;PARQUET;SNAPPY;COLUMN7;VARCHAR2;;;.;N;SNAPSHOT;;;True
TEST_TABLE11;DWH;*.parquet;PARQUET;SNAPPY;COLUMN8;VARCHAR2;;;.;N;SNAPSHOT;;;True
TEST_TABLE11;DWH;*.parquet;PARQUET;SNAPPY;COLUMN9;VARCHAR2;;;.;N;SNAPSHOT;;;True
TEST_TABLE12;DWH;*.parquet;PARQUET;SNAPPY;COLUMN0;VARCHAR2;;;.;N;SNAPSHOT;;;True
TEST_TABLE12;DWH;*.parquet;PARQUET;SNAPPY;COLUMN1;VARCHAR2;;;.;N;SNAPSHOT;;;True
TEST_TABLE12;DWH;*.parquet;PARQUET;SNAPPY;COLUMN2;VARCHAR2;;;.;N;SNAPSHOT;;;True
TEST_TABLE12;DWH;*.parquet;PARQUET;SNAPPY;COLUMN3;VARCHAR2;;;.;N;SNAPSHOT;;;True
TEST_TABLE12;DWH;*.parquet;PARQUET;SNAPPY;COLUMN4;VARCHAR2;;;.;N;SNAPSHOT;;;True
TEST_TABLE12;DWH;*.parquet;PARQUET;SNAPPY;COLUMN5;VARCHAR2;;;.;N;SNAPSHOT;;;True
TEST_TABLE12;DWH;*.parquet;PARQUET;SNAPPY;COLUMN6;VARCHAR2;;;.;N;SNAPSHOT;;;True
TEST_TABLE12;DWH;*.parquet;PARQUET;SNAPPY;COLUMN7;VARCHAR2;;;.;N;SNAPSHOT;;;True
TEST_TABLE12;DWH;*.parquet;PARQUET;SNAPPY;COLUMN8;VARCHAR2;;;.;N;SNAPSHOT;;;True
TEST_TABLE12;DWH;*.parquet;PARQUET;SNAPPY;COLUMN9;VARCHAR2;;;.;N;SNAPSHOT;;;True
TEST_TABLE13;DWH;*.parquet;PARQUET;SNAPPY;COLUMN0;VARCHAR2;;;.;N;SNAPSHOT;;;True
TEST_TABLE13;DWH;*.parquet;PARQUET;SNAPPY;COLUMN1;VARCHAR2;;;.;N;SNAPSHOT;;;True
TEST_TABLE13;DWH;*.parquet;PARQUET;SNAPPY;COLUMN2;VARCHAR2;;;.;N;SNAPSHOT;;;True
TEST_TABLE13;DWH;*.parquet;PARQUET;SNAPPY;COLUMN3;VARCHAR2;;;.;N;SNAPSHOT;;;True
TEST_TABLE13;DWH;*.parquet;PARQUET;SNAPPY;COLUMN4;VARCHAR2;;;.;N;SNAPSHOT;;;True
TEST_TABLE13;DWH;*.parquet;PARQUET;SNAPPY;COLUMN5;VARCHAR2;;;.;N;SNAPSHOT;;;True
TEST_TABLE13;DWH;*.parquet;PARQUET;SNAPPY;COLUMN6;VARCHAR2;;;.;N;SNAPSHOT;;;True
TEST_TABLE13;DWH;*.parquet;PARQUET;SNAPPY;COLUMN7;VARCHAR2;;;.;N;SNAPSHOT;;;True
TEST_TABLE13;DWH;*.parquet;PARQUET;SNAPPY;COLUMN8;VARCHAR2;;;.;N;SNAPSHOT;;;True
TEST_TABLE13;DWH;*.parquet;PARQUET;SNAPPY;COLUMN9;VARCHAR2;;;.;N;SNAPSHOT;;;True
TEST_TABLE14;DWH;*.parquet;PARQUET;SNAPPY;COLUMN0;VARCHAR2;;;.;N;SNAPSHOT;;;True
TEST_TABLE14;DWH;*.parquet;PARQUET;SNAPPY;COLUMN1;VARCHAR2;;;.;N;SNAPSHOT;;;True
TEST_TABLE14;DWH;*.parquet;PARQUET;SNAPPY;COLUMN2;VARCHAR2;;;.;N;SNAPSHOT;;;True
TEST_TABLE14;DWH;*.parquet;PARQUET;SNAPPY;COLUMN3;VARCHAR2;;;.;N;SNAPSHOT;;;True
TEST_TABLE14;DWH;*.parquet;PARQUET;SNAPPY;COLUMN4;VARCHAR2;;;.;N;SNAPSHOT;;;True
TEST_TABLE14;DWH;*.parquet;PARQUET;SNAPPY;COLUMN5;VARCHAR2;;;.;N;SNAPSHOT;;;True
TEST_TABLE14;DWH;*.parquet;PARQUET;SNAPPY;COLUMN6;VARCHAR2;;;.;N;SNAPSHOT;;;True
TEST_TABLE14;DWH;*.parquet;PARQUET;SNAPPY;COLUMN7;VARCHAR2;;;.;N;SNAPSHOT;;;True
TEST_TABLE14;DWH;*.parquet;PARQUET;SNAPPY;COLUMN8;VARCHAR2;;;.;N;SNAPSHOT;;;True
TEST_TABLE14;DWH;*.parquet;PARQUET;SNAPPY;COLUMN9;VARCHAR2;;;.;N;SNAPSHOT;;;True
TEST_TABLE15;DWH;*.parquet;PARQUET;SNAPPY;COLUMN0;VARCHAR2;;;.;N;SNAPSHOT;;;True
TEST_TABLE15;DWH;*.parquet;PARQUET;SNAPPY;COLUMN1;VARCHAR2;;;.;N;SNAPSHOT;;;True
TEST_TABLE15;DWH;*.parquet;PARQUET;SNAPPY;COLUMN2;VARCHAR2;;;.;N;SNAPSHOT;;;True
TEST_TABLE15;DWH;*.parquet;PARQUET;SNAPPY;COLUMN3;VARCHAR2;;;.;N;SNAPSHOT;;;True
TEST_TABLE15;DWH;*.parquet;PARQUET;SNAPPY;COLUMN4;VARCHAR2;;;.;N;SNAPSHOT;;;True
TEST_TABLE15;DWH;*.parquet;PARQUET;SNAPPY;COLUMN5;VARCHAR2;;;.;N;SNAPSHOT;;;True
TEST_TABLE15;DWH;*.parquet;PARQUET;SNAPPY;COLUMN6;VARCHAR2;;;.;N;SNAPSHOT;;;True
TEST_TABLE15;DWH;*.parquet;PARQUET;SNAPPY;COLUMN7;VARCHAR2;;;.;N;SNAPSHOT;;;True
TEST_TABLE15;DWH;*.parquet;PARQUET;SNAPPY;COLUMN8;VARCHAR2;;;.;N;SNAPSHOT;;;True
TEST_TABLE15;DWH;*.parquet;PARQUET;SNAPPY;COLUMN9;VARCHAR2;;;.;N;SNAPSHOT;;;True
TEST_TABLE16;DWH;*.parquet;PARQUET;SNAPPY;COLUMN0;VARCHAR2;;;.;N;SNAPSHOT;;;True
TEST_TABLE16;DWH;*.parquet;PARQUET;SNAPPY;COLUMN1;VARCHAR2;;;.;N;SNAPSHOT;;;True
TEST_TABLE16;DWH;*.parquet;PARQUET;SNAPPY;COLUMN2;VARCHAR2;;;.;N;SNAPSHOT;;;True
TEST_TABLE16;DWH;*.parquet;PARQUET;SNAPPY;COLUMN3;VARCHAR2;;;.;N;SNAPSHOT;;;True
TEST_TABLE16;DWH;*.parquet;PARQUET;SNAPPY;COLUMN4;VARCHAR2;;;.;N;SNAPSHOT;;;True
TEST_TABLE16;DWH;*.parquet;PARQUET;SNAPPY;COLUMN5;VARCHAR2;;;.;N;SNAPSHOT;;;True
TEST_TABLE16;DWH;*.parquet;PARQUET;SNAPPY;COLUMN6;VARCHAR2;;;.;N;SNAPSHOT;;;True
TEST_TABLE16;DWH;*.parquet;PARQUET;SNAPPY;COLUMN7;VARCHAR2;;;.;N;SNAPSHOT;;;True
TEST_TABLE16;DWH;*.parquet;PARQUET;SNAPPY;COLUMN8;VARCHAR2;;;.;N;SNAPSHOT;;;True
TEST_TABLE16;DWH;*.parquet;PARQUET;SNAPPY;COLUMN9;VARCHAR2;;;.;N;SNAPSHOT;;;True
TEST_TABLE17;DWH;*.parquet;PARQUET;SNAPPY;COLUMN0;VARCHAR2;;;.;N;SNAPSHOT;;;True
TEST_TABLE17;DWH;*.parquet;PARQUET;SNAPPY;COLUMN1;VARCHAR2;;;.;N;SNAPSHOT;;;True
TEST_TABLE17;DWH;*.parquet;PARQUET;SNAPPY;COLUMN2;VARCHAR2;;;.;N;SNAPSHOT;;;True
TEST_TABLE17;DWH;*.parquet;PARQUET;SNAPPY;COLUMN3;VARCHAR2;;;.;N;SNAPSHOT;;;True
TEST_TABLE17;DWH;*.parquet;PARQUET;SNAPPY;COLUMN4;VARCHAR2;;;.;N;SNAPSHOT;;;True
TEST_TABLE17;DWH;*.parquet;PARQUET;SNAPPY;COLUMN5;VARCHAR2;;;.;N;SNAPSHOT;;;True
TEST_TABLE17;DWH;*.parquet;PARQUET;SNAPPY;COLUMN6;VARCHAR2;;;.;N;SNAPSHOT;;;True
TEST_TABLE17;DWH;*.parquet;PARQUET;SNAPPY;COLUMN7;VARCHAR2;;;.;N;SNAPSHOT;;;True
TEST_TABLE17;DWH;*.parquet;PARQUET;SNAPPY;COLUMN8;VARCHAR2;;;.;N;SNAPSHOT;;;True
TEST_TABLE17;DWH;*.parquet;PARQUET;SNAPPY;COLUMN9;VARCHAR2;;;.;N;SNAPSHOT;;;True
TEST_TABLE18;DWH;*.parquet;PARQUET;SNAPPY;COLUMN0;VARCHAR2;;;.;N;SNAPSHOT;;;True
TEST_TABLE18;DWH;*.parquet;PARQUET;SNAPPY;COLUMN1;VARCHAR2;;;.;N;SNAPSHOT;;;True
TEST_TABLE18;DWH;*.parquet;PARQUET;SNAPPY;COLUMN2;VARCHAR2;;;.;N;SNAPSHOT;;;True
TEST_TABLE18;DWH;*.parquet;PARQUET;SNAPPY;COLUMN3;VARCHAR2;;;.;N;SNAPSHOT;;;True
TEST_TABLE18;DWH;*.parquet;PARQUET;SNAPPY;COLUMN4;VARCHAR2;;;.;N;SNAPSHOT;;;True
TEST_TABLE18;DWH;*.parquet;PARQUET;SNAPPY;COLUMN5;VARCHAR2;;;.;N;SNAPSHOT;;;True
TEST_TABLE18;DWH;*.parquet;PARQUET;SNAPPY;COLUMN6;VARCHAR2;;;.;N;SNAPSHOT;;;True
TEST_TABLE18;DWH;*.parquet;PARQUET;SNAPPY;COLUMN7;VARCHAR2;;;.;N;SNAPSHOT;;;True
TEST_TABLE18;DWH;*.parquet;PARQUET;SNAPPY;COLUMN8;VARCHAR2;;;.;N;SNAPSHOT;;;True
TEST_TABLE18;DWH;*.parquet;PARQUET;SNAPPY;COLUMN9;VARCHAR2;;;.;N;SNAPSHOT;;;True
TEST_TABLE19;DWH;*.parquet;PARQUET;SNAPPY;COLUMN0;VARCHAR2;;;.;N;SNAPSHOT;;;True
TEST_TABLE19;DWH;*.parquet;PARQUET;SNAPPY;COLUMN1;VARCHAR2;;;.;N;SNAPSHOT;;;True
TEST_TABLE19;DWH;*.parquet;PARQUET;SNAPPY;COLUMN2;VARCHAR2;;;.;N;SNAPSHOT;;;True
TEST_TABLE19;DWH;*.parquet;PARQUET;SNAPPY;COLUMN3;VARCHAR2;;;.;N;SNAPSHOT;;;True
TEST_TABLE19;DWH;*.parquet;PARQUET;SNAPPY;COLUMN4;VARCHAR2;;;.;N;SNAPSHOT;;;True
TEST_TABLE19;DWH;*.parquet;PARQUET;SNAPPY;COLUMN5;VARCHAR2;;;.;N;SNAPSHOT;;;True
TEST_TABLE19;DWH;*.parquet;PARQUET;SNAPPY;COLUMN6;VARCHAR2;;;.;N;SNAPSHOT;;;True
TEST_TABLE19;DWH;*.parquet;PARQUET;SNAPPY;COLUMN7;VARCHAR2;;;.;N;SNAPSHOT;;;True
TEST_TABLE19;DWH;*.parquet;PARQUET;SNAPPY;COLUMN8;VARCHAR2;;;.;N;SNAPSHOT;;;True
TEST_TABLE19;DWH;*.parquet;PARQUET;SNAPPY;COLUMN9;VARCHAR2;;;.;N;SNAPSHOT;;;True
TEST_TABLE20;DWH;*.parquet;PARQUET;SNAPPY;COLUMN0;VARCHAR2;;;.;N;SNAPSHOT;;;True
TEST_TABLE20;DWH;*.parquet;PARQUET;SNAPPY;COLUMN1;VARCHAR2;;;.;N;SNAPSHOT;;;True
TEST_TABLE20;DWH;*.parquet;PARQUET;SNAPPY;COLUMN2;VARCHAR2;;;.;N;SNAPSHOT;;;True
TEST_TABLE20;DWH;*.parquet;PARQUET;SNAPPY;COLUMN3;VARCHAR2;;;.;N;SNAPSHOT;;;True
TEST_TABLE20;DWH;*.parquet;PARQUET;SNAPPY;COLUMN4;VARCHAR2;;;.;N;SNAPSHOT;;;True
TEST_TABLE20;DWH;*.parquet;PARQUET;SNAPPY;COLUMN5;VARCHAR2;;;.;N;SNAPSHOT;;;True
TEST_TABLE20;DWH;*.parquet;PARQUET;SNAPPY;COLUMN6;VARCHAR2;;;.;N;SNAPSHOT;;;True
TEST_TABLE20;DWH;*.parquet;PARQUET;SNAPPY;COLUMN7;VARCHAR2;;;.;N;SNAPSHOT;;;True
TEST_TABLE20;DWH;*.parquet;PARQUET;SNAPPY;COLUMN8;VARCHAR2;;;.;N;SNAPSHOT;;;True
TEST_TABLE20;DWH;*.parquet;PARQUET;SNAPPY;COLUMN9;VARCHAR2;;;.;N;SNAPSHOT;;;True
TEST_TABLE21;DWH;*.parquet;PARQUET;SNAPPY;COLUMN0;VARCHAR2;;;.;N;SNAPSHOT;;;True
TEST_TABLE21;DWH;*.parquet;PARQUET;SNAPPY;COLUMN1;VARCHAR2;;;.;N;SNAPSHOT;;;True
TEST_TABLE21;DWH;*.parquet;PARQUET;SNAPPY;COLUMN2;VARCHAR2;;;.;N;SNAPSHOT;;;True
TEST_TABLE21;DWH;*.parquet;PARQUET;SNAPPY;COLUMN3;VARCHAR2;;;.;N;SNAPSHOT;;;True
TEST_TABLE21;DWH;*.parquet;PARQUET;SNAPPY;COLUMN4;VARCHAR2;;;.;N;SNAPSHOT;;;True
TEST_TABLE21;DWH;*.parquet;PARQUET;SNAPPY;COLUMN5;VARCHAR2;;;.;N;SNAPSHOT;;;True
TEST_TABLE21;DWH;*.parquet;PARQUET;SNAPPY;COLUMN6;VARCHAR2;;;.;N;SNAPSHOT;;;True
TEST_TABLE21;DWH;*.parquet;PARQUET;SNAPPY;COLUMN7;VARCHAR2;;;.;N;SNAPSHOT;;;True
TEST_TABLE21;DWH;*.parquet;PARQUET;SNAPPY;COLUMN8;VARCHAR2;;;.;N;SNAPSHOT;;;True
TEST_TABLE21;DWH;*.parquet;PARQUET;SNAPPY;COLUMN9;VARCHAR2;;;.;N;SNAPSHOT;;;True
TEST_TABLE22;DWH;*.parquet;PARQUET;SNAPPY;COLUMN0;VARCHAR2;;;.;N;SNAPSHOT;;;True
TEST_TABLE22;DWH;*.parquet;PARQUET;SNAPPY;COLUMN1;VARCHAR2;;;.;N;SNAPSHOT;;;True
TEST_TABLE22;DWH;*.parquet;PARQUET;SNAPPY;COLUMN2;VARCHAR2;;;.;N;SNAPSHOT;;;True
TEST_TABLE22;DWH;*.parquet;PARQUET;SNAPPY;COLUMN3;VARCHAR2;;;.;N;SNAPSHOT;;;True
TEST_TABLE22;DWH;*.parquet;PARQUET;SNAPPY;COLUMN4;VARCHAR2;;;.;N;SNAPSHOT;;;True
TEST_TABLE22;DWH;*.parquet;PARQUET;SNAPPY;COLUMN5;VARCHAR2;;;.;N;SNAPSHOT;;;True
TEST_TABLE22;DWH;*.parquet;PARQUET;SNAPPY;COLUMN6;VARCHAR2;;;.;N;SNAPSHOT;;;True
TEST_TABLE22;DWH;*.parquet;PARQUET;SNAPPY;COLUMN7;VARCHAR2;;;.;N;SNAPSHOT;;;True
TEST_TABLE22;DWH;*.parquet;PARQUET;SNAPPY;COLUMN8;VARCHAR2;;;.;N;SNAPSHOT;;;True
TEST_TABLE22;DWH;*.parquet;PARQUET;SNAPPY;COLUMN9;VARCHAR2;;;.;N;SNAPSHOT;;;True
TEST_TABLE23;DWH;*.parquet;PARQUET;SNAPPY;COLUMN0;VARCHAR2;;;.;N;SNAPSHOT;;;True
TEST_TABLE23;DWH;*.parquet;PARQUET;SNAPPY;COLUMN1;VARCHAR2;;;.;N;SNAPSHOT;;;True
TEST_TABLE23;DWH;*.parquet;PARQUET;SNAPPY;COLUMN2;VARCHAR2;;;.;N;SNAPSHOT;;;True
TEST_TABLE23;DWH;*.parquet;PARQUET;SNAPPY;COLUMN3;VARCHAR2;;;.;N;SNAPSHOT;;;True
TEST_TABLE23;DWH;*.parquet;PARQUET;SNAPPY;COLUMN4;VARCHAR2;;;.;N;SNAPSHOT;;;True
TEST_TABLE23;DWH;*.parquet;PARQUET;SNAPPY;COLUMN5;VARCHAR2;;;.;N;SNAPSHOT;;;True
TEST_TABLE23;DWH;*.parquet;PARQUET;SNAPPY;COLUMN6;VARCHAR2;;;.;N;SNAPSHOT;;;True
TEST_TABLE23;DWH;*.parquet;PARQUET;SNAPPY;COLUMN7;VARCHAR2;;;.;N;SNAPSHOT;;;True
TEST_TABLE23;DWH;*.parquet;PARQUET;SNAPPY;COLUMN8;VARCHAR2;;;.;N;SNAPSHOT;;;True
TEST_TABLE23;DWH;*.parquet;PARQUET;SNAPPY;COLUMN9;VARCHAR2;;;.;N;SNAPSHOT;;;True
TEST_TABLE24;DWH;*.parquet;PARQUET;SNAPPY;COLUMN0;VARCHAR2;;;.;N;SNAPSHOT;;;True
TEST_TABLE24;DWH;*.parquet;PARQUET;SNAPPY;COLUMN1;VARCHAR2;;;.;N;SNAPSHOT;;;True
TEST_TABLE24;DWH;*.parquet;PARQUET;SNAPPY;COLUMN2;VARCHAR2;;;.;N;SNAPSHOT;;;True
TEST_TABLE24;DWH;*.parquet;PARQUET;SNAPPY;COLUMN3;VARCHAR2;;;.;N;SNAPSHOT;;;True
TEST_TABLE24;DWH;*.parquet;PARQUET;SNAPPY;COLUMN4;VARCHAR2;;;.;N;SNAPSHOT;;;True
TEST_TABLE24;DWH;*.parquet;PARQUET;SNAPPY;COLUMN5;VARCHAR2;;;.;N;SNAPSHOT;;;True
TEST_TABLE24;DWH;*.parquet;PARQUET;SNAPPY;COLUMN6;VARCHAR2;;;.;N;SNAPSHOT;;;True
TEST_TABLE24;DWH;*.parquet;PARQUET;SNAPPY;COLUMN7;VARCHAR2;;;.;N;SNAPSHOT;;;True
TEST_TABLE24;DWH;*.parquet;PARQUET;SNAPPY;COLUMN8;VARCHAR2;;;.;N;SNAPSHOT;;;True
TEST_TABLE24;DWH;*.parquet;PARQUET;SNAPPY;COLUMN9;VARCHAR2;;;.;N;SNAPSHOT;;;True
TEST_TABLE25;DWH;*.parquet;PARQUET;SNAPPY;COLUMN0;VARCHAR2;;;.;N;SNAPSHOT;;;True
TEST_TABLE25;DWH;*.parquet;PARQUET;SNAPPY;COLUMN1;VARCHAR2;;;.;N;SNAPSHOT;;;True
TEST_TABLE25;DWH;*.parquet;PARQUET;SNAPPY;COLUMN2;VARCHAR2;;;.;N;SNAPSHOT;;;True
TEST_TABLE25;DWH;*.parquet;PARQUET;SNAPPY;COLUMN3;VARCHAR2;;;.;N;SNAPSHOT;;;True
TEST_TABLE25;DWH;*.parquet;PARQUET;SNAPPY;COLUMN4;VARCHAR2;;;.;N;SNAPSHOT;;;True
TEST_TABLE25;DWH;*.parquet;PARQUET;SNAPPY;COLUMN5;VARCHAR2;;;.;N;SNAPSHOT;;;True
TEST_TABLE25;DWH;*.parquet;PARQUET;SNAPPY;COLUMN6;VARCHAR2;;;.;N;SNAPSHOT;;;True
TEST_TABLE25;DWH;*.parquet;PARQUET;SNAPPY;COLUMN7;VARCHAR2;;;.;N;SNAPSHOT;;;True
TEST_TABLE25;DWH;*.parquet;PARQUET;SNAPPY;COLUMN8;VARCHAR2;;;.;N;SNAPSHOT;;;True
TEST_TABLE25;DWH;*.parquet;PARQUET;SNAPPY;COLUMN9;VARCHAR2;;;.;N;SNAPSHOT;;;True
TEST_TABLE26;DWH;*.parquet;PARQUET;SNAPPY;COLUMN0;VARCHAR2;;;.;N;SNAPSHOT;;;True
TEST_TABLE26;DWH;*.parquet;PARQUET;SNAPPY;COLUMN1;VARCHAR2;;;.;N;SNAPSHOT;;;True
TEST_TABLE26;DWH;*.parquet;PARQUET;SNAPPY;COLUMN2;VARCHAR2;;;.;N;SNAPSHOT;;;True
TEST_TABLE26;DWH;*.parquet;PARQUET;SNAPPY;COLUMN3;VARCHAR2;;;.;N;SNAPSHOT;;;True
TEST_TABLE26;DWH;*.parquet;PARQUET;SNAPPY;COLUMN4;VARCHAR2;;;.;N;SNAPSHOT;;;True
TEST_TABLE26;DWH;*.parquet;PARQUET;SNAPPY;COLUMN5;VARCHAR2;;;.;N;SNAPSHOT;;;True
TEST_TABLE26;DWH;*.parquet;PARQUET;SNAPPY;COLUMN6;VARCHAR2;;;.;N;SNAPSHOT;;;True
TEST_TABLE26;DWH;*.parquet;PARQUET;SNAPPY;COLUMN7;VARCHAR2;;;.;N;SNAPSHOT;;;True
TEST_TABLE26;DWH;*.parquet;PARQUET;SNAPPY;COLUMN8;VARCHAR2;;;.;N;SNAPSHOT;;;True
TEST_TABLE26;DWH;*.parquet;PARQUET;SNAPPY;COLUMN9;VARCHAR2;;;.;N;SNAPSHOT;;;True
TEST_TABLE27;DWH;*.parquet;PARQUET;SNAPPY;COLUMN0;VARCHAR2;;;.;N;SNAPSHOT;;;True
TEST_TABLE27;DWH;*.parquet;PARQUET;SNAPPY;COLUMN1;VARCHAR2;;;.;N;SNAPSHOT;;;True
TEST_TABLE27;DWH;*.parquet;PARQUET;SNAPPY;COLUMN2;VARCHAR2;;;.;N;SNAPSHOT;;;True
TEST_TABLE27;DWH;*.parquet;PARQUET;SNAPPY;COLUMN3;VARCHAR2;;;.;N;SNAPSHOT;;;True
TEST_TABLE27;DWH;*.parquet;PARQUET;SNAPPY;COLUMN4;VARCHAR2;;;.;N;SNAPSHOT;;;True
TEST_TABLE27;DWH;*.parquet;PARQUET;SNAPPY;COLUMN5;VARCHAR2;;;.;N;SNAPSHOT;;;True
TEST_TABLE27;DWH;*.parquet;PARQUET;SNAPPY;COLUMN6;VARCHAR2;;;.;N;SNAPSHOT;;;True
TEST_TABLE27;DWH;*.parquet;PARQUET;SNAPPY;COLUMN7;VARCHAR2;;;.;N;SNAPSHOT;;;True
TEST_TABLE27;DWH;*.parquet;PARQUET;SNAPPY;COLUMN8;VARCHAR2;;;.;N;SNAPSHOT;;;True
TEST_TABLE27;DWH;*.parquet;PARQUET;SNAPPY;COLUMN9;VARCHAR2;;;.;N;SNAPSHOT;;;True
TEST_TABLE28;DWH;*.parquet;PARQUET;SNAPPY;COLUMN0;VARCHAR2;;;.;N;SNAPSHOT;;;True
TEST_TABLE28;DWH;*.parquet;PARQUET;SNAPPY;COLUMN1;VARCHAR2;;;.;N;SNAPSHOT;;;True
TEST_TABLE28;DWH;*.parquet;PARQUET;SNAPPY;COLUMN2;VARCHAR2;;;.;N;SNAPSHOT;;;True
TEST_TABLE28;DWH;*.parquet;PARQUET;SNAPPY;COLUMN3;VARCHAR2;;;.;N;SNAPSHOT;;;True
TEST_TABLE28;DWH;*.parquet;PARQUET;SNAPPY;COLUMN4;VARCHAR2;;;.;N;SNAPSHOT;;;True
TEST_TABLE28;DWH;*.parquet;PARQUET;SNAPPY;COLUMN5;VARCHAR2;;;.;N;SNAPSHOT;;;True
TEST_TABLE28;DWH;*.parquet;PARQUET;SNAPPY;COLUMN6;VARCHAR2;;;.;N;SNAPSHOT;;;True
TEST_TABLE28;DWH;*.parquet;PARQUET;SNAPPY;COLUMN7;VARCHAR2;;;.;N;SNAPSHOT;;;True
TEST_TABLE28;DWH;*.parquet;PARQUET;SNAPPY;COLUMN8;VARCHAR2;;;.;N;SNAPSHOT;;;True
TEST_TABLE28;DWH;*.parquet;PARQUET;SNAPPY;COLUMN9;VARCHAR2;;;.;N;SNAPSHOT;;;True
TEST_TABLE29;DWH;*.parquet;PARQUET;SNAPPY;COLUMN0;VARCHAR2;;;.;N;SNAPSHOT;;;True
TEST_TABLE29;DWH;*.parquet;PARQUET;SNAPPY;COLUMN1;VARCHAR2;;;.;N;SNAPSHOT;;;True
TEST_TABLE29;DWH;*.parquet;PARQUET;SNAPPY;COLUMN2;VARCHAR2;;;.;N;SNAPSHOT;;;True
TEST_TABLE29;DWH;*.parquet;PARQUET;SNAPPY;COLUMN3;VARCHAR2;;;.;N;SNAPSHOT;;;True
TEST_TABLE29;DWH;*.parquet;PARQUET;SNAPPY;COLUMN4;VARCHAR2;;;.;N;SNAPSHOT;;;True
TEST_TABLE29;DWH;*.parquet;PARQUET;SNAPPY;COLUMN5;VARCHAR2;;;.;N;SNAPSHOT;;;True
TEST_TABLE29;DWH;*.parquet;PARQUET;SNAPPY;COLUMN6;VARCHAR2;;;.;N;SNAPSHOT;;;True
TEST_TABLE29;DWH;*.parquet;PARQUET;SNAPPY;COLUMN7;VARCHAR2;;;.;N;SNAPSHOT;;;True
TEST_TABLE29;DWH;*.parquet;PARQUET;SNAPPY;COLUMN8;VARCHAR2;;;.;N;SNAPSHOT;;;True
TEST_TABLE29;DWH;*.parquet;PARQUET;SNAPPY;COLUMN9;VARCHAR2;;;.;N;SNAPSHOT;;;True
TEST_TABLE30;DWH;*.parquet;PARQUET;SNAPPY;COLUMN0;VARCHAR2;;;.;N;SNAPSHOT;;;True
TEST_TABLE30;DWH;*.parquet;PARQUET;SNAPPY;COLUMN1;VARCHAR2;;;.;N;SNAPSHOT;;;True
TEST_TABLE30;DWH;*.parquet;PARQUET;SNAPPY;COLUMN2;VARCHAR2;;;.;N;SNAPSHOT;;;True
TEST_TABLE30;DWH;*.parquet;PARQUET;SNAPPY;COLUMN3;VARCHAR2;;;.;N;SNAPSHOT;;;True
TEST_TABLE30;DWH;*.parquet;PARQUET;SNAPPY;COLUMN4;VARCHAR2;;;.;N;SNAPSHOT;;;True
TEST_TABLE30;DWH;*.parquet;PARQUET;SNAPPY;COLUMN5;VARCHAR2;;;.;N;SNAPSHOT;;;True
TEST_TABLE30;DWH;*.parquet;PARQUET;SNAPPY;COLUMN6;VARCHAR2;;;.;N;SNAPSHOT;;;True
TEST_TABLE30;DWH;*.parquet;PARQUET;SNAPPY;COLUMN7;VARCHAR2;;;.;N;SNAPSHOT;;;True
TEST_TABLE30;DWH;*.parquet;PARQUET;SNAPPY;COLUMN8;VARCHAR2;;;.;N;SNAPSHOT;;;True
TEST_TABLE30;DWH;*.parquet;PARQUET;SNAPPY;COLUMN9;VARCHAR2;;;.;N;SNAPSHOT;;;True
TEST_TABLE31;DWH;*.parquet;PARQUET;SNAPPY;COLUMN0;VARCHAR2;;;.;N;SNAPSHOT;;;True
TEST_TABLE31;DWH;*.parquet;PARQUET;SNAPPY;COLUMN1;VARCHAR2;;;.;N;SNAPSHOT;;;True
TEST_TABLE31;DWH;*.parquet;PARQUET;SNAPPY;COLUMN2;VARCHAR2;;;.;N;SNAPSHOT;;;True
TEST_TABLE31;DWH;*.parquet;PARQUET;SNAPPY;COLUMN3;VARCHAR2;;;.;N;SNAPSHOT;;;True
TEST_TABLE31;DWH;*.parquet;PARQUET;SNAPPY;COLUMN4;VARCHAR2;;;.;N;SNAPSHOT;;;True
TEST_TABLE31;DWH;*.parquet;PARQUET;SNAPPY;COLUMN5;VARCHAR2;;;.;N;SNAPSHOT;;;True
TEST_TABLE31;DWH;*.parquet;PARQUET;SNAPPY;COLUMN6;VARCHAR2;;;.;N;SNAPSHOT;;;True
TEST_TABLE31;DWH;*.parquet;PARQUET;SNAPPY;COLUMN7;VARCHAR2;;;.;N;SNAPSHOT;;;True
TEST_TABLE31;DWH;*.parquet;PARQUET;SNAPPY;COLUMN8;VARCHAR2;;;.;N;SNAPSHOT;;;True
TEST_TABLE31;DWH;*.parquet;PARQUET;SNAPPY;COLUMN9;VARCHAR2;;;.;N;SNAPSHOT;;;True
TEST_TABLE32;DWH;*.parquet;PARQUET;SNAPPY;COLUMN0;VARCHAR2;;;.;N;SNAPSHOT;;;True
TEST_TABLE32;DWH;*.parquet;PARQUET;SNAPPY;COLUMN1;VARCHAR2;;;.;N;SNAPSHOT;;;True
TEST_TABLE32;DWH;*.parquet;PARQUET;SNAPPY;COLUMN2;VARCHAR2;;;.;N;SNAPSHOT;;;True
TEST_TABLE32;DWH;*.parquet;PARQUET;SNAPPY;COLUMN3;VARCHAR2;;;.;N;SNAPSHOT;;;True
TEST_TABLE32;DWH;*.parquet;PARQUET;SNAPPY;COLUMN4;VARCHAR2;;;.;N;SNAPSHOT;;;True
TEST_TABLE32;DWH;*.parquet;PARQUET;SNAPPY;COLUMN5;VARCHAR2;;;.;N;SNAPSHOT;;;True
TEST_TABLE32;DWH;*.parquet;PARQUET;SNAPPY;COLUMN6;VARCHAR2;;;.;N;SNAPSHOT;;;True
TEST_TABLE32;DWH;*.parquet;PARQUET;SNAPPY;COLUMN7;VARCHAR2;;;.;N;SNAPSHOT;;;True
TEST_TABLE32;DWH;*.parquet;PARQUET;SNAPPY;COLUMN8;VARCHAR2;;;.;N;SNAPSHOT;;;True
TEST_TABLE32;DWH;*.parquet;PARQUET;SNAPPY;COLUMN9;VARCHAR2;;;.;N;SNAPSHOT;;;True
TEST_TABLE33;DWH;*.parquet;PARQUET;SNAPPY;COLUMN0;VARCHAR2;;;.;N;SNAPSHOT;;;True
TEST_TABLE33;DWH;*.parquet;PARQUET;SNAPPY;COLUMN1;VARCHAR2;;;.;N;SNAPSHOT;;;True
TEST_TABLE33;DWH;*.parquet;PARQUET;SNAPPY;COLUMN2;VARCHAR2;;;.;N;SNAPSHOT;;;True
TEST_TABLE33;DWH;*.parquet;PARQUET;SNAPPY;COLUMN3;VARCHAR2;;;.;N;SNAPSHOT;;;True
TEST_TABLE33;DWH;*.parquet;PARQUET;SNAPPY;COLUMN4;VARCHAR2;;;.;N;SNAPSHOT;;;True
TEST_TABLE33;DWH;*.parquet;PARQUET;SNAPPY;COLUMN5;VARCHAR2;;;.;N;SNAPSHOT;;;True
TEST_TABLE33;DWH;*.parquet;PARQUET;SNAPPY;COLUMN6;VARCHAR2;;;.;N;SNAPSHOT;;;True
TEST_TABLE33;DWH;*.parquet;PARQUET;SNAPPY;COLUMN7;VARCHAR2;;;.;N;SNAPSHOT;;;True
TEST_TABLE33;DWH;*.parquet;PARQUET;SNAPPY;COLUMN8;VARCHAR2;;;.;N;SNAPSHOT;;;True
TEST_TABLE33;DWH;*.parquet;PARQUET;SNAPPY;COLUMN9;VARCHAR2;;;.;N;SNAPSHOT;;;True
TEST_TABLE34;DWH;*.parquet;PARQUET;SNAPPY;COLUMN0;VARCHAR2;;;.;N;SNAPSHOT;;;True
TEST_TABLE34;DWH;*.parquet;PARQUET;SNAPPY;COLUMN1;VARCHAR2;;;.;N;SNAPSHOT;;;True
TEST_TABLE34;DWH;*.parquet;PARQUET;SNAPPY;COLUMN2;VARCHAR2;;;.;N;SNAPSHOT;;;True
TEST_TABLE34;DWH;*.parquet;PARQUET;SNAPPY;COLUMN3;VARCHAR2;;;.;N;SNAPSHOT;;;True
TEST_TABLE34;DWH;*.parquet;PARQUET;SNAPPY;COLUMN4;VARCHAR2;;;.;N;SNAPSHOT;;;True
TEST_TABLE34;DWH;*.parquet;PARQUET;SNAPPY;COLUMN5;VARCHAR2;;;.;N;SNAPSHOT;;;True
TEST_TABLE34;DWH;*.parquet;PARQUET;SNAPPY;COLUMN6;VARCHAR2;;;.;N;SNAPSHOT;;;True
TEST_TABLE34;DWH;*.parquet;PARQUET;SNAPPY;COLUMN7;VARCHAR2;;;.;N;SNAPSHOT;;;True
TEST_TABLE34;DWH;*.parquet;PARQUET;SNAPPY;COLUMN8;VARCHAR2;;;.;N;SNAPSHOT;;;True
TEST_TABLE34;DWH;*.parquet;PARQUET;SNAPPY;COLUMN9;VARCHAR2;;;.;N;SNAPSHOT;;;True
TEST_TABLE35;DWH;*.parquet;PARQUET;SNAPPY;COLUMN0;VARCHAR2;;;.;N;SNAPSHOT;;;True
TEST_TABLE35;DWH;*.parquet;PARQUET;SNAPPY;COLUMN1;VARCHAR2;;;.;N;SNAPSHOT;;;True
TEST_TABLE35;DWH;*.parquet;PARQUET;SNAPPY;COLUMN2;VARCHAR2;;;.;N;SNAPSHOT;;;True
TEST_TABLE35;DWH;*.parquet;PARQUET;SNAPPY;COLUMN3;VARCHAR2;;;.;N;SNAPSHOT;;;True
TEST_TABLE35;DWH;*.parquet;PARQUET;SNAPPY;COLUMN4;VARCHAR2;;;.;N;SNAPSHOT;;;True
TEST_TABLE35;DWH;*.parquet;PARQUET;SNAPPY;COLUMN5;VARCHAR2;;;.;N;SNAPSHOT;;;True
TEST_TABLE35;DWH;*.parquet;PARQUET;SNAPPY;COLUMN6;VARCHAR2;;;.;N;SNAPSHOT;;;True
TEST_TABLE35;DWH;*.parquet;PARQUET;SNAPPY;COLUMN7;VARCHAR2;;;.;N;SNAPSHOT;;;True
TEST_TABLE35;DWH;*.parquet;PARQUET;SNAPPY;COLUMN8;VARCHAR2;;;.;N;SNAPSHOT;;;True
TEST_TABLE35;DWH;*.parquet;PARQUET;SNAPPY;COLUMN9;VARCHAR2;;;.;N;SNAPSHOT;;;True
TEST_TABLE36;DWH;*.parquet;PARQUET;SNAPPY;COLUMN0;VARCHAR2;;;.;N;SNAPSHOT;;;True
TEST_TABLE36;DWH;*.parquet;PARQUET;SNAPPY;COLUMN1;VARCHAR2;;;.;N;SNAPSHOT;;;True
TEST_TABLE36;DWH;*.parquet;PARQUET;SNAPPY;COLUMN2;VARCHAR2;;;.;N;SNAPSHOT;;;True
TEST_TABLE36;DWH;*.parquet;PARQUET;SNAPPY;COLUMN3;VARCHAR2;;;.;N;SNAPSHOT;;;True
TEST_TABLE36;DWH;*.parquet;PARQUET;SNAPPY;COLUMN4;VARCHAR2;;;.;N;SNAPSHOT;;;True
TEST_TABLE36;DWH;*.parquet;PARQUET;SNAPPY;COLUMN5;VARCHAR2;;;.;N;SNAPSHOT;;;True
TEST_TABLE36;DWH;*.parquet;PARQUET;SNAPPY;COLUMN6;VARCHAR2;;;.;N;SNAPSHOT;;;True
TEST_TABLE36;DWH;*.parquet;PARQUET;SNAPPY;COLUMN7;VARCHAR2;;;.;N;SNAPSHOT;;;True
TEST_TABLE36;DWH;*.parquet;PARQUET;SNAPPY;COLUMN8;VARCHAR2;;;.;N;SNAPSHOT;;;True
TEST_TABLE36;DWH;*.parquet;PARQUET;SNAPPY;COLUMN9;VARCHAR2;;;.;N;SNAPSHOT;;;True
TEST_TABLE37;DWH;*.parquet;PARQUET;SNAPPY;COLUMN0;VARCHAR2;;;.;N;SNAPSHOT;;;True
TEST_TABLE37;DWH;*.parquet;PARQUET;SNAPPY;COLUMN1;VARCHAR2;;;.;N;SNAPSHOT;;;True
TEST_TABLE37;DWH;*.parquet;PARQUET;SNAPPY;COLUMN2;VARCHAR2;;;.;N;SNAPSHOT;;;True
TEST_TABLE37;DWH;*.parquet;PARQUET;SNAPPY;COLUMN3;VARCHAR2;;;.;N;SNAPSHOT;;;True
TEST_TABLE37;DWH;*.parquet;PARQUET;SNAPPY;COLUMN4;VARCHAR2;;;.;N;SNAPSHOT;;;True
TEST_TABLE37;DWH;*.parquet;PARQUET;SNAPPY;COLUMN5;VARCHAR2;;;.;N;SNAPSHOT;;;True
TEST_TABLE37;DWH;*.parquet;PARQUET;SNAPPY;COLUMN6;VARCHAR2;;;.;N;SNAPSHOT;;;True
TEST_TABLE37;DWH;*.parquet;PARQUET;SNAPPY;COLUMN7;VARCHAR2;;;.;N;SNAPSHOT;;;True
TEST_TABLE37;DWH;*.parquet;PARQUET;SNAPPY;COLUMN8;VARCHAR2;;;.;N;SNAPSHOT;;;True
TEST_TABLE37;DWH;*.parquet;PARQUET;SNAPPY;COLUMN9;VARCHAR2;;;.;N;SNAPSHOT;;;True
TEST_TABLE38;DWH;*.parquet;PARQUET;SNAPPY;COLUMN0;VARCHAR2;;;.;N;SNAPSHOT;;;True
TEST_TABLE38;DWH;*.parquet;PARQUET;SNAPPY;COLUMN1;VARCHAR2;;;.;N;SNAPSHOT;;;True
TEST_TABLE38;DWH;*.parquet;PARQUET;SNAPPY;COLUMN2;VARCHAR2;;;.;N;SNAPSHOT;;;True
TEST_TABLE38;DWH;*.parquet;PARQUET;SNAPPY;COLUMN3;VARCHAR2;;;.;N;SNAPSHOT;;;True
TEST_TABLE38;DWH;*.parquet;PARQUET;SNAPPY;COLUMN4;VARCHAR2;;;.;N;SNAPSHOT;;;True
TEST_TABLE38;DWH;*.parquet;PARQUET;SNAPPY;COLUMN5;VARCHAR2;;;.;N;SNAPSHOT;;;True
TEST_TABLE38;DWH;*.parquet;PARQUET;SNAPPY;COLUMN6;VARCHAR2;;;.;N;SNAPSHOT;;;True
TEST_TABLE38;DWH;*.parquet;PARQUET;SNAPPY;COLUMN7;VARCHAR2;;;.;N;SNAPSHOT;;;True
TEST_TABLE38;DWH;*.parquet;PARQUET;SNAPPY;COLUMN8;VARCHAR2;;;.;N;SNAPSHOT;;;True
TEST_TABLE38;DWH;*.parquet;PARQUET;SNAPPY;COLUMN9;VARCHAR2;;;.;N;SNAPSHOT;;;True
TEST_TABLE39;DWH;*.parquet;PARQUET;SNAPPY;COLUMN0;VARCHAR2;;;.;N;SNAPSHOT;;;True
TEST_TABLE39;DWH;*.parquet;PARQUET;SNAPPY;COLUMN1;VARCHAR2;;;.;N;SNAPSHOT;;;True
TEST_TABLE39;DWH;*.parquet;PARQUET;SNAPPY;COLUMN2;VARCHAR2;;;.;N;SNAPSHOT;;;True
TEST_TABLE39;DWH;*.parquet;PARQUET;SNAPPY;COLUMN3;VARCHAR2;;;.;N;SNAPSHOT;;;True
TEST_TABLE39;DWH;*.parquet;PARQUET;SNAPPY;COLUMN4;VARCHAR2;;;.;N;SNAPSHOT;;;True
TEST_TABLE39;DWH;*.parquet;PARQUET;SNAPPY;COLUMN5;VARCHAR2;;;.;N;SNAPSHOT;;;True
TEST_TABLE39;DWH;*.parquet;PARQUET;SNAPPY;COLUMN6;VARCHAR2;;;.;N;SNAPSHOT;;;True
TEST_TABLE39;DWH;*.parquet;PARQUET;SNAPPY;COLUMN7;VARCHAR2;;;.;N;SNAPSHOT;;;True
TEST_TABLE39;DWH;*.parquet;PARQUET;SNAPPY;COLUMN8;VARCHAR2;;;.;N;SNAPSHOT;;;True
TEST_TABLE39;DWH;*.parquet;PARQUET;SNAPPY;COLUMN9;VARCHAR2;;;.;N;SNAPSHOT;;;True
TEST_TABLE40;DWH;*.parquet;PARQUET;SNAPPY;COLUMN0;VARCHAR2;;;.;N;SNAPSHOT;;;True
TEST_TABLE40;DWH;*.parquet;PARQUET;SNAPPY;COLUMN1;VARCHAR2;;;.;N;SNAPSHOT;;;True
TEST_TABLE40;DWH;*.parquet;PARQUET;SNAPPY;COLUMN2;VARCHAR2;;;.;N;SNAPSHOT;;;True
TEST_TABLE40;DWH;*.parquet;PARQUET;SNAPPY;COLUMN3;VARCHAR2;;;.;N;SNAPSHOT;;;True
TEST_TABLE40;DWH;*.parquet;PARQUET;SNAPPY;COLUMN4;VARCHAR2;;;.;N;SNAPSHOT;;;True
TEST_TABLE40;DWH;*.parquet;PARQUET;SNAPPY;COLUMN5;VARCHAR2;;;.;N;SNAPSHOT;;;True
TEST_TABLE40;DWH;*.parquet;PARQUET;SNAPPY;COLUMN6;VARCHAR2;;;.;N;SNAPSHOT;;;True
TEST_TABLE40;DWH;*.parquet;PARQUET;SNAPPY;COLUMN7;VARCHAR2;;;.;N;SNAPSHOT;;;True
TEST_TABLE40;DWH;*.parquet;PARQUET;SNAPPY;COLUMN8;VARCHAR2;;;.;N;SNAPSHOT;;;True
TEST_TABLE40;DWH;*.parquet;PARQUET;SNAPPY;COLUMN9;VARCHAR2;;;.;N;SNAPSHOT;;;True
TEST_TABLE41;DWH;*.parquet;PARQUET;SNAPPY;COLUMN0;VARCHAR2;;;.;N;SNAPSHOT;;;True
TEST_TABLE41;DWH;*.parquet;PARQUET;SNAPPY;COLUMN1;VARCHAR2;;;.;N;SNAPSHOT;;;True
TEST_TABLE41;DWH;*.parquet;PARQUET;SNAPPY;COLUMN2;VARCHAR2;;;.;N;SNAPSHOT;;;True
TEST_TABLE41;DWH;*.parquet;PARQUET;SNAPPY;COLUMN3;VARCHAR2;;;.;N;SNAPSHOT;;;True
TEST_TABLE41;DWH;*.parquet;PARQUET;SNAPPY;COLUMN4;VARCHAR2;;;.;N;SNAPSHOT;;;True
TEST_TABLE41;DWH;*.parquet;PARQUET;SNAPPY;COLUMN5;VARCHAR2;;;.;N;SNAPSHOT;;;True
TEST_TABLE41;DWH;*.parquet;PARQUET;SNAPPY;COLUMN6;VARCHAR2;;;.;N;SNAPSHOT;;;True
TEST_TABLE41;DWH;*.parquet;PARQUET;SNAPPY;COLUMN7;VARCHAR2;;;.;N;SNAPSHOT;;;True
TEST_TABLE41;DWH;*.parquet;PARQUET;SNAPPY;COLUMN8;VARCHAR2;;;.;N;SNAPSHOT;;;True
TEST_TABLE41;DWH;*.parquet;PARQUET;SNAPPY;COLUMN9;VARCHAR2;;;.;N;SNAPSHOT;;;True
TEST_TABLE42;DWH;*.parquet;PARQUET;SNAPPY;COLUMN0;VARCHAR2;;;.;N;SNAPSHOT;;;True
TEST_TABLE42;DWH;*.parquet;PARQUET;SNAPPY;COLUMN1;VARCHAR2;;;.;N;SNAPSHOT;;;True
TEST_TABLE42;DWH;*.parquet;PARQUET;SNAPPY;COLUMN2;VARCHAR2;;;.;N;SNAPSHOT;;;True
TEST_TABLE42;DWH;*.parquet;PARQUET;SNAPPY;COLUMN3;VARCHAR2;;;.;N;SNAPSHOT;;;True
TEST_TABLE42;DWH;*.parquet;PARQUET;SNAPPY;COLUMN4;VARCHAR2;;;.;N;SNAPSHOT;;;True
TEST_TABLE42;DWH;*.parquet;PARQUET;SNAPPY;COLUMN5;VARCHAR2;;;.;N;SNAPSHOT;;;True
TEST_TABLE42;DWH;*.parquet;PARQUET;SNAPPY;COLUMN6;VARCHAR2;;;.;N;SNAPSHOT;;;True
TEST_TABLE42;DWH;*.parquet;PARQUET;SNAPPY;COLUMN7;VARCHAR2;;;.;N;SNAPSHOT;;;True
TEST_TABLE42;DWH;*.parquet;PARQUET;SNAPPY;COLUMN8;VARCHAR2;;;.;N;SNAPSHOT;;;True
TEST_TABLE42;DWH;*.parquet;PARQUET;SNAPPY;COLUMN9;VARCHAR2;;;.;N;SNAPSHOT;;;True
TEST_TABLE43;DWH;*.parquet;PARQUET;SNAPPY;COLUMN0;VARCHAR2;;;.;N;SNAPSHOT;;;True
TEST_TABLE43;DWH;*.parquet;PARQUET;SNAPPY;COLUMN1;VARCHAR2;;;.;N;SNAPSHOT;;;True
TEST_TABLE43;DWH;*.parquet;PARQUET;SNAPPY;COLUMN2;VARCHAR2;;;.;N;SNAPSHOT;;;True
TEST_TABLE43;DWH;*.parquet;PARQUET;SNAPPY;COLUMN3;VARCHAR2;;;.;N;SNAPSHOT;;;True
TEST_TABLE43;DWH;*.parquet;PARQUET;SNAPPY;COLUMN4;VARCHAR2;;;.;N;SNAPSHOT;;;True
TEST_TABLE43;DWH;*.parquet;PARQUET;SNAPPY;COLUMN5;VARCHAR2;;;.;N;SNAPSHOT;;;True
TEST_TABLE43;DWH;*.parquet;PARQUET;SNAPPY;COLUMN6;VARCHAR2;;;.;N;SNAPSHOT;;;True
TEST_TABLE43;DWH;*.parquet;PARQUET;SNAPPY;COLUMN7;VARCHAR2;;;.;N;SNAPSHOT;;;True
TEST_TABLE43;DWH;*.parquet;PARQUET;SNAPPY;COLUMN8;VARCHAR2;;;.;N;SNAPSHOT;;;True
TEST_TABLE43;DWH;*.parquet;PARQUET;SNAPPY;COLUMN9;VARCHAR2;;;.;N;SNAPSHOT;;;True
TEST_TABLE44;DWH;*.parquet;PARQUET;SNAPPY;COLUMN0;VARCHAR2;;;.;N;SNAPSHOT;;;True
TEST_TABLE44;DWH;*.parquet;PARQUET;SNAPPY;COLUMN1;VARCHAR2;;;.;N;SNAPSHOT;;;True
TEST_TABLE44;DWH;*.parquet;PARQUET;SNAPPY;COLUMN2;VARCHAR2;;;.;N;SNAPSHOT;;;True
TEST_TABLE44;DWH;*.parquet;PARQUET;SNAPPY;COLUMN3;VARCHAR2;;;.;N;SNAPSHOT;;;True
TEST_TABLE44;DWH;*.parquet;PARQUET;SNAPPY;COLUMN4;VARCHAR2;;;.;N;SNAPSHOT;;;True
TEST_TABLE44;DWH;*.parquet;PARQUET;SNAPPY;COLUMN5;VARCHAR2;;;.;N;SNAPSHOT;;;True
TEST_TABLE44;DWH;*.parquet;PARQUET;SNAPPY;COLUMN6;VARCHAR2;;;.;N;SNAPSHOT;;;True
TEST_TABLE44;DWH;*.parquet;PARQUET;SNAPPY;COLUMN7;VARCHAR2;;;.;N;SNAPSHOT;;;True
TEST_TABLE44;DWH;*.parquet;PARQUET;SNAPPY;COLUMN8;VARCHAR2;;;.;N;SNAPSHOT;;;True
TEST_TABLE44;DWH;*.parquet;PARQUET;SNAPPY;COLUMN9;VARCHAR2;;;.;N;SNAPSHOT;;;True
TEST_TABLE45;DWH;*.parquet;PARQUET;SNAPPY;COLUMN0;VARCHAR2;;;.;N;SNAPSHOT;;;True
TEST_TABLE45;DWH;*.parquet;PARQUET;SNAPPY;COLUMN1;VARCHAR2;;;.;N;SNAPSHOT;;;True
TEST_TABLE45;DWH;*.parquet;PARQUET;SNAPPY;COLUMN2;VARCHAR2;;;.;N;SNAPSHOT;;;True
TEST_TABLE45;DWH;*.parquet;PARQUET;SNAPPY;COLUMN3;VARCHAR2;;;.;N;SNAPSHOT;;;True
TEST_TABLE45;DWH;*.parquet;PARQUET;SNAPPY;COLUMN4;VARCHAR2;;;.;N;SNAPSHOT;;;True
TEST_TABLE45;DWH;*.parquet;PARQUET;SNAPPY;COLUMN5;VARCHAR2;;;.;N;SNAPSHOT;;;True
TEST_TABLE45;DWH;*.parquet;PARQUET;SNAPPY;COLUMN6;VARCHAR2;;;.;N;SNAPSHOT;;;True
TEST_TABLE45;DWH;*.parquet;PARQUET;SNAPPY;COLUMN7;VARCHAR2;;;.;N;SNAPSHOT;;;True
TEST_TABLE45;DWH;*.parquet;PARQUET;SNAPPY;COLUMN8;VARCHAR2;;;.;N;SNAPSHOT;;;True
TEST_TABLE45;DWH;*.parquet;PARQUET;SNAPPY;COLUMN9;VARCHAR2;;;.;N;SNAPSHOT;;;True
TEST_TABLE46;DWH;*.parquet;PARQUET;SNAPPY;COLUMN0;VARCHAR2;;;.;N;SNAPSHOT;;;True
TEST_TABLE46;DWH;*.parquet;PARQUET;SNAPPY;COLUMN1;VARCHAR2;;;.;N;SNAPSHOT;;;True
TEST_TABLE46;DWH;*.parquet;PARQUET;SNAPPY;COLUMN2;VARCHAR2;;;.;N;SNAPSHOT;;;True
TEST_TABLE46;DWH;*.parquet;PARQUET;SNAPPY;COLUMN3;VARCHAR2;;;.;N;SNAPSHOT;;;True
TEST_TABLE46;DWH;*.parquet;PARQUET;SNAPPY;COLUMN4;VARCHAR2;;;.;N;SNAPSHOT;;;True
TEST_TABLE46;DWH;*.parquet;PARQUET;SNAPPY;COLUMN5;VARCHAR2;;;.;N;SNAPSHOT;;;True
TEST_TABLE46;DWH;*.parquet;PARQUET;SNAPPY;COLUMN6;VARCHAR2;;;.;N;SNAPSHOT;;;True
TEST_TABLE46;DWH;*.parquet;PARQUET;SNAPPY;COLUMN7;VARCHAR2;;;.;N;SNAPSHOT;;;True
TEST_TABLE46;DWH;*.parquet;PARQUET;SNAPPY;COLUMN8;VARCHAR2;;;.;N;SNAPSHOT;;;True
TEST_TABLE46;DWH;*.parquet;PARQUET;SNAPPY;COLUMN9;VARCHAR2;;;.;N;SNAPSHOT;;;True
TEST_TABLE47;DWH;*.parquet;PARQUET;SNAPPY;COLUMN0;VARCHAR2;;;.;N;SNAPSHOT;;;True
TEST_TABLE47;DWH;*.parquet;PARQUET;SNAPPY;COLUMN1;VARCHAR2;;;.;N;SNAPSHOT;;;True
TEST_TABLE47;DWH;*.parquet;PARQUET;SNAPPY;COLUMN2;VARCHAR2;;;.;N;SNAPSHOT;;;True
TEST_TABLE47;DWH;*.parquet;PARQUET;SNAPPY;COLUMN3;VARCHAR2;;;.;N;SNAPSHOT;;;True
TEST_TABLE47;DWH;*.parquet;PARQUET;SNAPPY;COLUMN4;VARCHAR2;;;.;N;SNAPSHOT;;;True
TEST_TABLE47;DWH;*.parquet;PARQUET;SNAPPY;COLUMN5;VARCHAR2;;;.;N;SNAPSHOT;;;True
TEST_TABLE47;DWH;*.parquet;PARQUET;SNAPPY;COLUMN6;VARCHAR2;;;.;N;SNAPSHOT;;;True
TEST_TABLE47;DWH;*.parquet;PARQUET;SNAPPY;COLUMN7;VARCHAR2;;;.;N;SNAPSHOT;;;True
TEST_TABLE47;DWH;*.parquet;PARQUET;SNAPPY;COLUMN8;VARCHAR2;;;.;N;SNAPSHOT;;;True
TEST_TABLE47;DWH;*.parquet;PARQUET;SNAPPY;COLUMN9;VARCHAR2;;;.;N;SNAPSHOT;;;True
TEST_TABLE48;DWH;*.parquet;PARQUET;SNAPPY;COLUMN0;VARCHAR2;;;.;N;SNAPSHOT;;;True
TEST_TABLE48;DWH;*.parquet;PARQUET;SNAPPY;COLUMN1;VARCHAR2;;;.;N;SNAPSHOT;;;True
TEST_TABLE48;DWH;*.parquet;PARQUET;SNAPPY;COLUMN2;VARCHAR2;;;.;N;SNAPSHOT;;;True
TEST_TABLE48;DWH;*.parquet;PARQUET;SNAPPY;COLUMN3;VARCHAR2;;;.;N;SNAPSHOT;;;True
TEST_TABLE48;DWH;*.parquet;PARQUET;SNAPPY;COLUMN4;VARCHAR2;;;.;N;SNAPSHOT;;;True
TEST_TABLE48;DWH;*.parquet;PARQUET;SNAPPY;COLUMN5;VARCHAR2;;;.;N;SNAPSHOT;;;True
TEST_TABLE48;DWH;*.parquet;PARQUET;SNAPPY;COLUMN6;VARCHAR2;;;.;N;SNAPSHOT;;;True
TEST_TABLE48;DWH;*.parquet;PARQUET;SNAPPY;COLUMN7;VARCHAR2;;;.;N;SNAPSHOT;;;True
TEST_TABLE48;DWH;*.parquet;PARQUET;SNAPPY;COLUMN8;VARCHAR2;;;.;N;SNAPSHOT;;;True
TEST_TABLE48;DWH;*.parquet;PARQUET;SNAPPY;COLUMN9;VARCHAR2;;;.;N;SNAPSHOT;;;True
TEST_TABLE49;DWH;*.parquet;PARQUET;SNAPPY;COLUMN0;VARCHAR2;;;.;N;SNAPSHOT;;;True
TEST_TABLE49;DWH;*.parquet;PARQUET;SNAPPY;COLUMN1;VARCHAR2;;;.;N;SNAPSHOT;;;True
TEST_TABLE49;DWH;*.parquet;PARQUET;SNAPPY;COLUMN2;VARCHAR2;;;.;N;SNAPSHOT;;;True
TEST_TABLE49;DWH;*.parquet;PARQUET;SNAPPY;COLUMN3;VARCHAR2;;;.;N;SNAPSHOT;;;True
TEST_TABLE49;DWH;*.parquet;PARQUET;SNAPPY;COLUMN4;VARCHAR2;;;.;N;SNAPSHOT;;;True
TEST_TABLE49;DWH;*.parquet;PARQUET;SNAPPY;COLUMN5;VARCHAR2;;;.;N;SNAPSHOT;;;True
TEST_TABLE49;DWH;*.parquet;PARQUET;SNAPPY;COLUMN6;VARCHAR2;;;.;N;SNAPSHOT;;;True
TEST_TABLE49;DWH;*.parquet;PARQUET;SNAPPY;COLUMN7;VARCHAR2;;;.;N;SNAPSHOT;;;True
TEST_TABLE49;DWH;*.parquet;PARQUET;SNAPPY;COLUMN8;VARCHAR2;;;.;N;SNAPSHOT;;;True
TEST_TABLE49;DWH;*.parquet;PARQUET;SNAPPY;COLUMN9;VARCHAR2;;;.;N;SNAPSHOT;;;True
TEST_TABLE50;DWH;*.parquet;PARQUET;SNAPPY;COLUMN0;VARCHAR2;;;.;N;SNAPSHOT;;;True
TEST_TABLE50;DWH;*.parquet;PARQUET;SNAPPY;COLUMN1;VARCHAR2;;;.;N;SNAPSHOT;;;True
TEST_TABLE50;DWH;*.parquet;PARQUET;SNAPPY;COLUMN2;VARCHAR2;;;.;N;SNAPSHOT;;;True
TEST_TABLE50;DWH;*.parquet;PARQUET;SNAPPY;COLUMN3;VARCHAR2;;;.;N;SNAPSHOT;;;True
TEST_TABLE50;DWH;*.parquet;PARQUET;SNAPPY;COLUMN4;VARCHAR2;;;.;N;SNAPSHOT;;;True
TEST_TABLE50;DWH;*.parquet;PARQUET;SNAPPY;COLUMN5;VARCHAR2;;;.;N;SNAPSHOT;;;True
TEST_TABLE50;DWH;*.parquet;PARQUET;SNAPPY;COLUMN6;VARCHAR2;;;.;N;SNAPSHOT;;;True
TEST_TABLE50;DWH;*.parquet;PARQUET;SNAPPY;COLUMN7;VARCHAR2;;;.;N;SNAPSHOT;;;True
TEST_TABLE50;DWH;*.parquet;PARQUET;SNAPPY;COLUMN8;VARCHAR2;;;.;N;SNAPSHOT;;;True
TEST_TABLE50;DWH;*.parquet;PARQUET;SNAPPY;COLUMN9;VARCHAR2;;;.;N;SNAPSHOT;;;True
TEST_TABLE51;DWH;*.parquet;PARQUET;SNAPPY;COLUMN0;VARCHAR2;;;.;N;SNAPSHOT;;;True
TEST_TABLE51;DWH;*.parquet;PARQUET;SNAPPY;COLUMN1;VARCHAR2;;;.;N;SNAPSHOT;;;True
TEST_TABLE51;DWH;*.parquet;PARQUET;SNAPPY;COLUMN2;VARCHAR2;;;.;N;SNAPSHOT;;;True
TEST_TABLE51;DWH;*.parquet;PARQUET;SNAPPY;COLUMN3;VARCHAR2;;;.;N;SNAPSHOT;;;True
TEST_TABLE51;DWH;*.parquet;PARQUET;SNAPPY;COLUMN4;VARCHAR2;;;.;N;SNAPSHOT;;;True
TEST_TABLE51;DWH;*.parquet;PARQUET;SNAPPY;COLUMN5;VARCHAR2;;;.;N;SNAPSHOT;;;True
TEST_TABLE51;DWH;*.parquet;PARQUET;SNAPPY;COLUMN6;VARCHAR2;;;.;N;SNAPSHOT;;;True
TEST_TABLE51;DWH;*.parquet;PARQUET;SNAPPY;COLUMN7;VARCHAR2;;;.;N;SNAPSHOT;;;True
TEST_TABLE51;DWH;*.parquet;PARQUET;SNAPPY;COLUMN8;VARCHAR2;;;.;N;SNAPSHOT;;;True
TEST_TABLE51;DWH;*.parquet;PARQUET;SNAPPY;COLUMN9;VARCHAR2;;;.;N;SNAPSHOT;;;True
TEST_TABLE52;DWH;*.parquet;PARQUET;SNAPPY;COLUMN0;VARCHAR2;;;.;N;SNAPSHOT;;;True
TEST_TABLE52;DWH;*.parquet;PARQUET;SNAPPY;COLUMN1;VARCHAR2;;;.;N;SNAPSHOT;;;True
TEST_TABLE52;DWH;*.parquet;PARQUET;SNAPPY;COLUMN2;VARCHAR2;;;.;N;SNAPSHOT;;;True
TEST_TABLE52;DWH;*.parquet;PARQUET;SNAPPY;COLUMN3;VARCHAR2;;;.;N;SNAPSHOT;;;True
TEST_TABLE52;DWH;*.parquet;PARQUET;SNAPPY;COLUMN4;VARCHAR2;;;.;N;SNAPSHOT;;;True
TEST_TABLE52;DWH;*.parquet;PARQUET;SNAPPY;COLUMN5;VARCHAR2;;;.;N;SNAPSHOT;;;True
TEST_TABLE52;DWH;*.parquet;PARQUET;SNAPPY;COLUMN6;VARCHAR2;;;.;N;SNAPSHOT;;;True
TEST_TABLE52;DWH;*.parquet;PARQUET;SNAPPY;COLUMN7;VARCHAR2;;;.;N;SNAPSHOT;;;True
TEST_TABLE52;DWH;*.parquet;PARQUET;SNAPPY;COLUMN8;VARCHAR2;;;.;N;SNAPSHOT;;;True
TEST_TABLE52;DWH;*.parquet;PARQUET;SNAPPY;COLUMN9;VARCHAR2;;;.;N;SNAPSHOT;;;True
TEST_TABLE53;DWH;*.parquet;PARQUET;SNAPPY;COLUMN0;VARCHAR2;;;.;N;SNAPSHOT;;;True
TEST_TABLE53;DWH;*.parquet;PARQUET;SNAPPY;COLUMN1;VARCHAR2;;;.;N;SNAPSHOT;;;True
TEST_TABLE53;DWH;*.parquet;PARQUET;SNAPPY;COLUMN2;VARCHAR2;;;.;N;SNAPSHOT;;;True
TEST_TABLE53;DWH;*.parquet;PARQUET;SNAPPY;COLUMN3;VARCHAR2;;;.;N;SNAPSHOT;;;True
TEST_TABLE53;DWH;*.parquet;PARQUET;SNAPPY;COLUMN4;VARCHAR2;;;.;N;SNAPSHOT;;;True
TEST_TABLE53;DWH;*.parquet;PARQUET;SNAPPY;COLUMN5;VARCHAR2;;;.;N;SNAPSHOT;;;True
TEST_TABLE53;DWH;*.parquet;PARQUET;SNAPPY;COLUMN6;VARCHAR2;;;.;N;SNAPSHOT;;;True
TEST_TABLE53;DWH;*.parquet;PARQUET;SNAPPY;COLUMN7;VARCHAR2;;;.;N;SNAPSHOT;;;True
TEST_TABLE53;DWH;*.parquet;PARQUET;SNAPPY;COLUMN8;VARCHAR2;;;.;N;SNAPSHOT;;;True
TEST_TABLE53;DWH;*.parquet;PARQUET;SNAPPY;COLUMN9;VARCHAR2;;;.;N;SNAPSHOT;;;True
TEST_TABLE54;DWH;*.parquet;PARQUET;SNAPPY;COLUMN0;VARCHAR2;;;.;N;SNAPSHOT;;;True
TEST_TABLE54;DWH;*.parquet;PARQUET;SNAPPY;COLUMN1;VARCHAR2;;;.;N;SNAPSHOT;;;True
TEST_TABLE54;DWH;*.parquet;PARQUET;SNAPPY;COLUMN2;VARCHAR2;;;.;N;SNAPSHOT;;;True
TEST_TABLE54;DWH;*.parquet;PARQUET;SNAPPY;COLUMN3;VARCHAR2;;;.;N;SNAPSHOT;;;True
TEST_TABLE54;DWH;*.parquet;PARQUET;SNAPPY;COLUMN4;VARCHAR2;;;.;N;SNAPSHOT;;;True
TEST_TABLE54;DWH;*.parquet;PARQUET;SNAPPY;COLUMN5;VARCHAR2;;;.;N;SNAPSHOT;;;True
TEST_TABLE54;DWH;*.parquet;PARQUET;SNAPPY;COLUMN6;VARCHAR2;;;.;N;SNAPSHOT;;;True
TEST_TABLE54;DWH;*.parquet;PARQUET;SNAPPY;COLUMN7;VARCHAR2;;;.;N;SNAPSHOT;;;True
TEST_TABLE54;DWH;*.parquet;PARQUET;SNAPPY;COLUMN8;VARCHAR2;;;.;N;SNAPSHOT;;;True
TEST_TABLE54;DWH;*.parquet;PARQUET;SNAPPY;COLUMN9;VARCHAR2;;;.;N;SNAPSHOT;;;True
TEST_TABLE55;DWH;*.parquet;PARQUET;SNAPPY;COLUMN0;VARCHAR2;;;.;N;SNAPSHOT;;;True
TEST_TABLE55;DWH;*.parquet;PARQUET;SNAPPY;COLUMN1;VARCHAR2;;;.;N;SNAPSHOT;;;True
TEST_TABLE55;DWH;*.parquet;PARQUET;SNAPPY;COLUMN2;VARCHAR2;;;.;N;SNAPSHOT;;;True
TEST_TABLE55;DWH;*.parquet;PARQUET;SNAPPY;COLUMN3;VARCHAR2;;;.;N;SNAPSHOT;;;True
TEST_TABLE55;DWH;*.parquet;PARQUET;SNAPPY;COLUMN4;VARCHAR2;;;.;N;SNAPSHOT;;;True
TEST_TABLE55;DWH;*.parquet;PARQUET;SNAPPY;COLUMN5;VARCHAR2;;;.;N;SNAPSHOT;;;True
TEST_TABLE55;DWH;*.parquet;PARQUET;SNAPPY;COLUMN6;VARCHAR2;;;.;N;SNAPSHOT;;;True
TEST_TABLE55;DWH;*.parquet;PARQUET;SNAPPY;COLUMN7;VARCHAR2;;;.;N;SNAPSHOT;;;True
TEST_TABLE55;DWH;*.parquet;PARQUET;SNAPPY;COLUMN8;VARCHAR2;;;.;N;SNAPSHOT;;;True
TEST_TABLE55;DWH;*.parquet;PARQUET;SNAPPY;COLUMN9;VARCHAR2;;;.;N;SNAPSHOT;;;True
TEST_TABLE56;DWH;*.parquet;PARQUET;SNAPPY;COLUMN0;VARCHAR2;;;.;N;SNAPSHOT;;;True
TEST_TABLE56;DWH;*.parquet;PARQUET;SNAPPY;COLUMN1;VARCHAR2;;;.;N;SNAPSHOT;;;True
TEST_TABLE56;DWH;*.parquet;PARQUET;SNAPPY;COLUMN2;VARCHAR2;;;.;N;SNAPSHOT;;;True
TEST_TABLE56;DWH;*.parquet;PARQUET;SNAPPY;COLUMN3;VARCHAR2;;;.;N;SNAPSHOT;;;True
TEST_TABLE56;DWH;*.parquet;PARQUET;SNAPPY;COLUMN4;VARCHAR2;;;.;N;SNAPSHOT;;;True
TEST_TABLE56;DWH;*.parquet;PARQUET;SNAPPY;COLUMN5;VARCHAR2;;;.;N;SNAPSHOT;;;True
TEST_TABLE56;DWH;*.parquet;PARQUET;SNAPPY;COLUMN6;VARCHAR2;;;.;N;SNAPSHOT;;;True
TEST_TABLE56;DWH;*.parquet;PARQUET;SNAPPY;COLUMN7;VARCHAR2;;;.;N;SNAPSHOT;;;True
TEST_TABLE56;DWH;*.parquet;PARQUET;SNAPPY;COLUMN8;VARCHAR2;;;.;N;SNAPSHOT;;;True
TEST_TABLE56;DWH;*.parquet;PARQUET;SNAPPY;COLUMN9;VARCHAR2;;;.;N;SNAPSHOT;;;True
TEST_TABLE57;DWH;*.parquet;PARQUET;SNAPPY;COLUMN0;VARCHAR2;;;.;N;SNAPSHOT;;;True
TEST_TABLE57;DWH;*.parquet;PARQUET;SNAPPY;COLUMN1;VARCHAR2;;;.;N;SNAPSHOT;;;True
TEST_TABLE57;DWH;*.parquet;PARQUET;SNAPPY;COLUMN2;VARCHAR2;;;.;N;SNAPSHOT;;;True
TEST_TABLE57;DWH;*.parquet;PARQUET;SNAPPY;COLUMN3;VARCHAR2;;;.;N;SNAPSHOT;;;True
TEST_TABLE57;DWH;*.parquet;PARQUET;SNAPPY;COLUMN4;VARCHAR2;;;.;N;SNAPSHOT;;;True
TEST_TABLE57;DWH;*.parquet;PARQUET;SNAPPY;COLUMN5;VARCHAR2;;;.;N;SNAPSHOT;;;True
TEST_TABLE57;DWH;*.parquet;PARQUET;SNAPPY;COLUMN6;VARCHAR2;;;.;N;SNAPSHOT;;;True
TEST_TABLE57;DWH;*.parquet;PARQUET;SNAPPY;COLUMN7;VARCHAR2;;;.;N;SNAPSHOT;;;True
TEST_TABLE57;DWH;*.parquet;PARQUET;SNAPPY;COLUMN8;VARCHAR2;;;.;N;SNAPSHOT;;;True
TEST_TABLE57;DWH;*.parquet;PARQUET;SNAPPY;COLUMN9;VARCHAR2;;;.;N;SNAPSHOT;;;True
TEST_TABLE58;DWH;*.parquet;PARQUET;SNAPPY;COLUMN0;VARCHAR2;;;.;N;SNAPSHOT;;;True
TEST_TABLE58;DWH;*.parquet;PARQUET;SNAPPY;COLUMN1;VARCHAR2;;;.;N;SNAPSHOT;;;True
TEST_TABLE58;DWH;*.parquet;PARQUET;SNAPPY;COLUMN2;VARCHAR2;;;.;N;SNAPSHOT;;;True
TEST_TABLE58;DWH;*.parquet;PARQUET;SNAPPY;COLUMN3;VARCHAR2;;;.;N;SNAPSHOT;;;True
TEST_TABLE58;DWH;*.parquet;PARQUET;SNAPPY;COLUMN4;VARCHAR2;;;.;N;SNAPSHOT;;;True
TEST_TABLE58;DWH;*.parquet;PARQUET;SNAPPY;COLUMN5;VARCHAR2;;;.;N;SNAPSHOT;;;True
TEST_TABLE58;DWH;*.parquet;PARQUET;SNAPPY;COLUMN6;VARCHAR2;;;.;N;SNAPSHOT;;;True
TEST_TABLE58;DWH;*.parquet;PARQUET;SNAPPY;COLUMN7;VARCHAR2;;;.;N;SNAPSHOT;;;True
TEST_TABLE58;DWH;*.parquet;PARQUET;SNAPPY;COLUMN8;VARCHAR2;;;.;N;SNAPSHOT;;;True
TEST_TABLE58;DWH;*.parquet;PARQUET;SNAPPY;COLUMN9;VARCHAR2;;;.;N;SNAPSHOT;;;True
TEST_TABLE59;DWH;*.parquet;PARQUET;SNAPPY;COLUMN0;VARCHAR2;;;.;N;SNAPSHOT;;;True
TEST_TABLE59;DWH;*.parquet;PARQUET;SNAPPY;COLUMN1;VARCHAR2;;;.;N;SNAPSHOT;;;True
TEST_TABLE59;DWH;*.parquet;PARQUET;SNAPPY;COLUMN2;VARCHAR2;;;.;N;SNAPSHOT;;;True
TEST_TABLE59;DWH;*.parquet;PARQUET;SNAPPY;COLUMN3;VARCHAR2;;;.;N;SNAPSHOT;;;True
TEST_TABLE59;DWH;*.parquet;PARQUET;SNAPPY;COLUMN4;VARCHAR2;;;.;N;SNAPSHOT;;;True
TEST_TABLE59;DWH;*.parquet;PARQUET;SNAPPY;COLUMN5;VARCHAR2;;;.;N;SNAPSHOT;;;True
TEST_TABLE59;DWH;*.parquet;PARQUET;SNAPPY;COLUMN6;VARCHAR2;;;.;N;SNAPSHOT;;;True
TEST_TABLE59;DWH;*.parquet;PARQUET;SNAPPY;COLUMN7;VARCHAR2;;;.;N;SNAPSHOT;;;True
TEST_TABLE59;DWH;*.parquet;PARQUET;SNAPPY;COLUMN8;VARCHAR2;;;.;N;SNAPSHOT;;;True
TEST_TABLE59;DWH;*.parquet;PARQUET;SNAPPY;COLUMN9;VARCHAR2;;;.;N;SNAPSHOT;;;True
TEST_TABLE60;DWH;*.parquet;PARQUET;SNAPPY;COLUMN0;VARCHAR2;;;.;N;SNAPSHOT;;;True
TEST_TABLE60;DWH;*.parquet;PARQUET;SNAPPY;COLUMN1;VARCHAR2;;;.;N;SNAPSHOT;;;True
TEST_TABLE60;DWH;*.parquet;PARQUET;SNAPPY;COLUMN2;VARCHAR2;;;.;N;SNAPSHOT;;;True
TEST_TABLE60;DWH;*.parquet;PARQUET;SNAPPY;COLUMN3;VARCHAR2;;;.;N;SNAPSHOT;;;True
TEST_TABLE60;DWH;*.parquet;PARQUET;SNAPPY;COLUMN4;VARCHAR2;;;.;N;SNAPSHOT;;;True
TEST_TABLE60;DWH;*.parquet;PARQUET;SNAPPY;COLUMN5;VARCHAR2;;;.;N;SNAPSHOT;;;True
TEST_TABLE60;DWH;*.parquet;PARQUET;SNAPPY;COLUMN6;VARCHAR2;;;.;N;SNAPSHOT;;;True
TEST_TABLE60;DWH;*.parquet;PARQUET;SNAPPY;COLUMN7;VARCHAR2;;;.;N;SNAPSHOT;;;True
TEST_TABLE60;DWH;*.parquet;PARQUET;SNAPPY;COLUMN8;VARCHAR2;;;.;N;SNAPSHOT;;;True
TEST_TABLE60;DWH;*.parquet;PARQUET;SNAPPY;COLUMN9;VARCHAR2;;;.;N;SNAPSHOT;;;True
TEST_TABLE61;DWH;*.parquet;PARQUET;SNAPPY;COLUMN0;VARCHAR2;;;.;N;SNAPSHOT;;;True
TEST_TABLE61;DWH;*.parquet;PARQUET;SNAPPY;COLUMN1;VARCHAR2;;;.;N;SNAPSHOT;;;True
TEST_TABLE61;DWH;*.parquet;PARQUET;SNAPPY;COLUMN2;VARCHAR2;;;.;N;SNAPSHOT;;;True
TEST_TABLE61;DWH;*.parquet;PARQUET;SNAPPY;COLUMN3;VARCHAR2;;;.;N;SNAPSHOT;;;True
TEST_TABLE61;DWH;*.parquet;PARQUET;SNAPPY;COLUMN4;VARCHAR2;;;.;N;SNAPSHOT;;;True
TEST_TABLE61;DWH;*.parquet;PARQUET;SNAPPY;COLUMN5;VARCHAR2;;;.;N;SNAPSHOT;;;True
TEST_TABLE61;DWH;*.parquet;PARQUET;SNAPPY;COLUMN6;VARCHAR2;;;.;N;SNAPSHOT;;;True
TEST_TABLE61;DWH;*.parquet;PARQUET;SNAPPY;COLUMN7;VARCHAR2;;;.;N;SNAPSHOT;;;True
TEST_TABLE61;DWH;*.parquet;PARQUET;SNAPPY;COLUMN8;VARCHAR2;;;.;N;SNAPSHOT;;;True
TEST_TABLE61;DWH;*.parquet;PARQUET;SNAPPY;COLUMN9;VARCHAR2;;;.;N;SNAPSHOT;;;True
TEST_TABLE62;DWH;*.parquet;PARQUET;SNAPPY;COLUMN0;VARCHAR2;;;.;N;SNAPSHOT;;;True
TEST_TABLE62;DWH;*.parquet;PARQUET;SNAPPY;COLUMN1;VARCHAR2;;;.;N;SNAPSHOT;;;True
TEST_TABLE62;DWH;*.parquet;PARQUET;SNAPPY;COLUMN2;VARCHAR2;;;.;N;SNAPSHOT;;;True
TEST_TABLE62;DWH;*.parquet;PARQUET;SNAPPY;COLUMN3;VARCHAR2;;;.;N;SNAPSHOT;;;True
TEST_TABLE62;DWH;*.parquet;PARQUET;SNAPPY;COLUMN4;VARCHAR2;;;.;N;SNAPSHOT;;;True
TEST_TABLE62;DWH;*.parquet;PARQUET;SNAPPY;COLUMN5;VARCHAR2;;;.;N;SNAPSHOT;;;True
TEST_TABLE62;DWH;*.parquet;PARQUET;SNAPPY;COLUMN6;VARCHAR2;;;.;N;SNAPSHOT;;;True
TEST_TABLE62;DWH;*.parquet;PARQUET;SNAPPY;COLUMN7;VARCHAR2;;;.;N;SNAPSHOT;;;True
TEST_TABLE62;DWH;*.parquet;PARQUET;SNAPPY;COLUMN8;VARCHAR2;;;.;N;SNAPSHOT;;;True
TEST_TABLE62;DWH;*.parquet;PARQUET;SNAPPY;COLUMN9;VARCHAR2;;;.;N;SNAPSHOT;;;True
TEST_TABLE63;DWH;*.parquet;PARQUET;SNAPPY;COLUMN0;VARCHAR2;;;.;N;SNAPSHOT;;;True
TEST_TABLE63;DWH;*.parquet;PARQUET;SNAPPY;COLUMN1;VARCHAR2;;;.;N;SNAPSHOT;;;True
TEST_TABLE63;DWH;*.parquet;PARQUET;SNAPPY;COLUMN2;VARCHAR2;;;.;N;SNAPSHOT;;;True
TEST_TABLE63;DWH;*.parquet;PARQUET;SNAPPY;COLUMN3;VARCHAR2;;;.;N;SNAPSHOT;;;True
TEST_TABLE63;DWH;*.parquet;PARQUET;SNAPPY;COLUMN4;VARCHAR2;;;.;N;SNAPSHOT;;;True
TEST_TABLE63;DWH;*.parquet;PARQUET;SNAPPY;COLUMN5;VARCHAR2;;;.;N;SNAPSHOT;;;True
TEST_TABLE63;DWH;*.parquet;PARQUET;SNAPPY;COLUMN6;VARCHAR2;;;.;N;SNAPSHOT;;;True
TEST_TABLE63;DWH;*.parquet;PARQUET;SNAPPY;COLUMN7;VARCHAR2;;;.;N;SNAPSHOT;;;True
TEST_TABLE63;DWH;*.parquet;PARQUET;SNAPPY;COLUMN8;VARCHAR2;;;.;N;SNAPSHOT;;;True
TEST_TABLE63;DWH;*.parquet;PARQUET;SNAPPY;COLUMN9;VARCHAR2;;;.;N;SNAPSHOT;;;True
TEST_TABLE64;DWH;*.parquet;PARQUET;SNAPPY;COLUMN0;VARCHAR2;;;.;N;SNAPSHOT;;;True
TEST_TABLE64;DWH;*.parquet;PARQUET;SNAPPY;COLUMN1;VARCHAR2;;;.;N;SNAPSHOT;;;True
TEST_TABLE64;DWH;*.parquet;PARQUET;SNAPPY;COLUMN2;VARCHAR2;;;.;N;SNAPSHOT;;;True
TEST_TABLE64;DWH;*.parquet;PARQUET;SNAPPY;COLUMN3;VARCHAR2;;;.;N;SNAPSHOT;;;True
TEST_TABLE64;DWH;*.parquet;PARQUET;SNAPPY;COLUMN4;VARCHAR2;;;.;N;SNAPSHOT;;;True
TEST_TABLE64;DWH;*.parquet;PARQUET;SNAPPY;COLUMN5;VARCHAR2;;;.;N;SNAPSHOT;;;True
TEST_TABLE64;DWH;*.parquet;PARQUET;SNAPPY;COLUMN6;VARCHAR2;;;.;N;SNAPSHOT;;;True
TEST_TABLE64;DWH;*.parquet;PARQUET;SNAPPY;COLUMN7;VARCHAR2;;;.;N;SNAPSHOT;;;True
TEST_TABLE64;DWH;*.parquet;PARQUET;SNAPPY;COLUMN8;VARCHAR2;;;.;N;SNAPSHOT;;;True
TEST_TABLE64;DWH;*.parquet;PARQUET;SNAPPY;COLUMN9;VARCHAR2;;;.;N;SNAPSHOT;;;True
TEST_TABLE65;DWH;*.parquet;PARQUET;SNAPPY;COLUMN0;VARCHAR2;;;.;N;SNAPSHOT;;;True
TEST_TABLE65;DWH;*.parquet;PARQUET;SNAPPY;COLUMN1;VARCHAR2;;;.;N;SNAPSHOT;;;True
TEST_TABLE65;DWH;*.parquet;PARQUET;SNAPPY;COLUMN2;VARCHAR2;;;.;N;SNAPSHOT;;;True
TEST_TABLE65;DWH;*.parquet;PARQUET;SNAPPY;COLUMN3;VARCHAR2;;;.;N;SNAPSHOT;;;True
TEST_TABLE65;DWH;*.parquet;PARQUET;SNAPPY;COLUMN4;VARCHAR2;;;.;N;SNAPSHOT;;;True
TEST_TABLE65;DWH;*.parquet;PARQUET;SNAPPY;COLUMN5;VARCHAR2;;;.;N;SNAPSHOT;;;True
TEST_TABLE65;DWH;*.parquet;PARQUET;SNAPPY;COLUMN6;VARCHAR2;;;.;N;SNAPSHOT;;;True
TEST_TABLE65;DWH;*.parquet;PARQUET;SNAPPY;COLUMN7;VARCHAR2;;;.;N;SNAPSHOT;;;True
TEST_TABLE65;DWH;*.parquet;PARQUET;SNAPPY;COLUMN8;VARCHAR2;;;.;N;SNAPSHOT;;;True
TEST_TABLE65;DWH;*.parquet;PARQUET;SNAPPY;COLUMN9;VARCHAR2;;;.;N;SNAPSHOT;;;True
TEST_TABLE66;DWH;*.parquet;PARQUET;SNAPPY;COLUMN0;VARCHAR2;;;.;N;SNAPSHOT;;;True
TEST_TABLE66;DWH;*.parquet;PARQUET;SNAPPY;COLUMN1;VARCHAR2;;;.;N;SNAPSHOT;;;True
TEST_TABLE66;DWH;*.parquet;PARQUET;SNAPPY;COLUMN2;VARCHAR2;;;.;N;SNAPSHOT;;;True
TEST_TABLE66;DWH;*.parquet;PARQUET;SNAPPY;COLUMN3;VARCHAR2;;;.;N;SNAPSHOT;;;True
TEST_TABLE66;DWH;*.parquet;PARQUET;SNAPPY;COLUMN4;VARCHAR2;;;.;N;SNAPSHOT;;;True
TEST_TABLE66;DWH;*.parquet;PARQUET;SNAPPY;COLUMN5;VARCHAR2;;;.;N;SNAPSHOT;;;True
TEST_TABLE66;DWH;*.parquet;PARQUET;SNAPPY;COLUMN6;VARCHAR2;;;.;N;SNAPSHOT;;;True
TEST_TABLE66;DWH;*.parquet;PARQUET;SNAPPY;COLUMN7;VARCHAR2;;;.;N;SNAPSHOT;;;True
TEST_TABLE66;DWH;*.parquet;PARQUET;SNAPPY;COLUMN8;VARCHAR2;;;.;N;SNAPSHOT;;;True
TEST_TABLE66;DWH;*.parquet;PARQUET;SNAPPY;COLUMN9;VARCHAR2;;;.;N;SNAPSHOT;;;True
TEST_TABLE67;DWH;*.parquet;PARQUET;SNAPPY;COLUMN0;VARCHAR2;;;.;N;SNAPSHOT;;;True
TEST_TABLE67;DWH;*.parquet;PARQUET;SNAPPY;COLUMN1;VARCHAR2;;;.;N;SNAPSHOT;;;True
TEST_TABLE67;DWH;*.parquet;PARQUET;SNAPPY;COLUMN2;VARCHAR2;;;.;N;SNAPSHOT;;;True
TEST_TABLE67;DWH;*.parquet;PARQUET;SNAPPY;COLUMN3;VARCHAR2;;;.;N;SNAPSHOT;;;True
TEST_TABLE67;DWH;*.parquet;PARQUET;SNAPPY;COLUMN4;VARCHAR2;;;.;N;SNAPSHOT;;;True
TEST_TABLE67;DWH;*.parquet;PARQUET;SNAPPY;COLUMN5;VARCHAR2;;;.;N;SNAPSHOT;;;True
TEST_TABLE67;DWH;*.parquet;PARQUET;SNAPPY;COLUMN6;VARCHAR2;;;.;N;SNAPSHOT;;;True
TEST_TABLE67;DWH;*.parquet;PARQUET;SNAPPY;COLUMN7;VARCHAR2;;;.;N;SNAPSHOT;;;True
TEST_TABLE67;DWH;*.parquet;PARQUET;SNAPPY;COLUMN8;VARCHAR2;;;.;N;SNAPSHOT;;;True
TEST_TABLE67;DWH;*.parquet;PARQUET;SNAPPY;COLUMN9;VARCHAR2;;;.;N;SNAPSHOT;;;True
TEST_TABLE68;DWH;*.parquet;PARQUET;SNAPPY;COLUMN0;VARCHAR2;;;.;N;SNAPSHOT;;;True
TEST_TABLE68;DWH;*.parquet;PARQUET;SNAPPY;COLUMN1;VARCHAR2;;;.;N;SNAPSHOT;;;True
TEST_TABLE68;DWH;*.parquet;PARQUET;SNAPPY;COLUMN2;VARCHAR2;;;.;N;SNAPSHOT;;;True
TEST_TABLE68;DWH;*.parquet;PARQUET;SNAPPY;COLUMN3;VARCHAR2;;;.;N;SNAPSHOT;;;True
TEST_TABLE68;DWH;*.parquet;PARQUET;SNAPPY;COLUMN4;VARCHAR2;;;.;N;SNAPSHOT;;;True
TEST_TABLE68;DWH;*.parquet;PARQUET;SNAPPY;COLUMN5;VARCHAR2;;;.;N;SNAPSHOT;;;True
TEST_TABLE68;DWH;*.parquet;PARQUET;SNAPPY;COLUMN6;VARCHAR2;;;.;N;SNAPSHOT;;;True
TEST_TABLE68;DWH;*.parquet;PARQUET;SNAPPY;COLUMN7;VARCHAR2;;;.;N;SNAPSHOT;;;True
TEST_TABLE68;DWH;*.parquet;PARQUET;SNAPPY;COLUMN8;VARCHAR2;;;.;N;SNAPSHOT;;;True
TEST_TABLE68;DWH;*.parquet;PARQUET;SNAPPY;COLUMN9;VARCHAR2;;;.;N;SNAPSHOT;;;True
TEST_TABLE69;DWH;*.parquet;PARQUET;SNAPPY;COLUMN0;VARCHAR2;;;.;N;SNAPSHOT;;;True
TEST_TABLE69;DWH;*.parquet;PARQUET;SNAPPY;COLUMN1;VARCHAR2;;;.;N;SNAPSHOT;;;True
TEST_TABLE69;DWH;*.parquet;PARQUET;SNAPPY;COLUMN2;VARCHAR2;;;.;N;SNAPSHOT;;;True
TEST_TABLE69;DWH;*.parquet;PARQUET;SNAPPY;COLUMN3;VARCHAR2;;;.;N;SNAPSHOT;;;True
TEST_TABLE69;DWH;*.parquet;PARQUET;SNAPPY;COLUMN4;VARCHAR2;;;.;N;SNAPSHOT;;;True
TEST_TABLE69;DWH;*.parquet;PARQUET;SNAPPY;COLUMN5;VARCHAR2;;;.;N;SNAPSHOT;;;True
TEST_TABLE69;DWH;*.parquet;PARQUET;SNAPPY;COLUMN6;VARCHAR2;;;.;N;SNAPSHOT;;;True
TEST_TABLE69;DWH;*.parquet;PARQUET;SNAPPY;COLUMN7;VARCHAR2;;;.;N;SNAPSHOT;;;True
TEST_TABLE69;DWH;*.parquet;PARQUET;SNAPPY;COLUMN8;VARCHAR2;;;.;N;SNAPSHOT;;;True
TEST_TABLE69;DWH;*.parquet;PARQUET;SNAPPY;COLUMN9;VARCHAR2;;;.;N;SNAPSHOT;;;True
TEST_TABLE70;DWH;*.parquet;PARQUET;SNAPPY;COLUMN0;VARCHAR2;;;.;N;SNAPSHOT;;;True
TEST_TABLE70;DWH;*.parquet;PARQUET;SNAPPY;COLUMN1;VARCHAR2;;;.;N;SNAPSHOT;;;True
TEST_TABLE70;DWH;*.parquet;PARQUET;SNAPPY;COLUMN2;VARCHAR2;;;.;N;SNAPSHOT;;;True
TEST_TABLE70;DWH;*.parquet;PARQUET;SNAPPY;COLUMN3;VARCHAR2;;;.;N;SNAPSHOT;;;True
TEST_TABLE70;DWH;*.parquet;PARQUET;SNAPPY;COLUMN4;VARCHAR2;;;.;N;SNAPSHOT;;;True
TEST_TABLE70;DWH;*.parquet;PARQUET;SNAPPY;COLUMN5;VARCHAR2;;;.;N;SNAPSHOT;;;True
TEST_TABLE70;DWH;*.parquet;PARQUET;SNAPPY;COLUMN6;VARCHAR2;;;.;N;SNAPSHOT;;;True
TEST_TABLE70;DWH;*.parquet;PARQUET;SNAPPY;COLUMN7;VARCHAR2;;;.;N;SNAPSHOT;;;True
TEST_TABLE70;DWH;*.parquet;PARQUET;SNAPPY;COLUMN8;VARCHAR2;;;.;N;SNAPSHOT;;;True
TEST_TABLE70;DWH;*.parquet;PARQUET;SNAPPY;COLUMN9;VARCHAR2;;;.;N;SNAPSHOT;;;True
TEST_TABLE71;DWH;*.parquet;PARQUET;SNAPPY;COLUMN0;VARCHAR2;;;.;N;SNAPSHOT;;;True
TEST_TABLE71;DWH;*.parquet;PARQUET;SNAPPY;COLUMN1;VARCHAR2;;;.;N;SNAPSHOT;;;True
TEST_TABLE71;DWH;*.parquet;PARQUET;SNAPPY;COLUMN2;VARCHAR2;;;.;N;SNAPSHOT;;;True
TEST_TABLE71;DWH;*.parquet;PARQUET;SNAPPY;COLUMN3;VARCHAR2;;;.;N;SNAPSHOT;;;True
TEST_TABLE71;DWH;*.parquet;PARQUET;SNAPPY;COLUMN4;VARCHAR2;;;.;N;SNAPSHOT;;;True
TEST_TABLE71;DWH;*.parquet;PARQUET;SNAPPY;COLUMN5;VARCHAR2;;;.;N;SNAPSHOT;;;True
TEST_TABLE71;DWH;*.parquet;PARQUET;SNAPPY;COLUMN6;VARCHAR2;;;.;N;SNAPSHOT;;;True
TEST_TABLE71;DWH;*.parquet;PARQUET;SNAPPY;COLUMN7;VARCHAR2;;;.;N;SNAPSHOT;;;True
TEST_TABLE71;DWH;*.parquet;PARQUET;SNAPPY;COLUMN8;VARCHAR2;;;.;N;SNAPSHOT;;;True
TEST_TABLE71;DWH;*.parquet;PARQUET;SNAPPY;COLUMN9;VARCHAR2;;;.;N;SNAPSHOT;;;True
TEST_TABLE72;DWH;*.parquet;PARQUET;SNAPPY;COLUMN0;VARCHAR2;;;.;N;SNAPSHOT;;;True
TEST_TABLE72;DWH;*.parquet;PARQUET;SNAPPY;COLUMN1;VARCHAR2;;;.;N;SNAPSHOT;;;True
TEST_TABLE72;DWH;*.parquet;PARQUET;SNAPPY;COLUMN2;VARCHAR2;;;.;N;SNAPSHOT;;;True
TEST_TABLE72;DWH;*.parquet;PARQUET;SNAPPY;COLUMN3;VARCHAR2;;;.;N;SNAPSHOT;;;True
TEST_TABLE72;DWH;*.parquet;PARQUET;SNAPPY;COLUMN4;VARCHAR2;;;.;N;SNAPSHOT;;;True
TEST_TABLE72;DWH;*.parquet;PARQUET;SNAPPY;COLUMN5;VARCHAR2;;;.;N;SNAPSHOT;;;True
TEST_TABLE72;DWH;*.parquet;PARQUET;SNAPPY;COLUMN6;VARCHAR2;;;.;N;SNAPSHOT;;;True
TEST_TABLE72;DWH;*.parquet;PARQUET;SNAPPY;COLUMN7;VARCHAR2;;;.;N;SNAPSHOT;;;True
TEST_TABLE72;DWH;*.parquet;PARQUET;SNAPPY;COLUMN8;VARCHAR2;;;.;N;SNAPSHOT;;;True
TEST_TABLE72;DWH;*.parquet;PARQUET;SNAPPY;COLUMN9;VARCHAR2;;;.;N;SNAPSHOT;;;True
TEST_TABLE73;DWH;*.parquet;PARQUET;SNAPPY;COLUMN0;VARCHAR2;;;.;N;SNAPSHOT;;;True
TEST_TABLE73;DWH;*.parquet;PARQUET;SNAPPY;COLUMN1;VARCHAR2;;;.;N;SNAPSHOT;;;True
TEST_TABLE73;DWH;*.parquet;PARQUET;SNAPPY;COLUMN2;VARCHAR2;;;.;N;SNAPSHOT;;;True
TEST_TABLE73;DWH;*.parquet;PARQUET;SNAPPY;COLUMN3;VARCHAR2;;;.;N;SNAPSHOT;;;True
TEST_TABLE73;DWH;*.parquet;PARQUET;SNAPPY;COLUMN4;VARCHAR2;;;.;N;SNAPSHOT;;;True
TEST_TABLE73;DWH;*.parquet;PARQUET;SNAPPY;COLUMN5;VARCHAR2;;;.;N;SNAPSHOT;;;True
TEST_TABLE73;DWH;*.parquet;PARQUET;SNAPPY;COLUMN6;VARCHAR2;;;.;N;SNAPSHOT;;;True
TEST_TABLE73;DWH;*.parquet;PARQUET;SNAPPY;COLUMN7;VARCHAR2;;;.;N;SNAPSHOT;;;True
TEST_TABLE73;DWH;*.parquet;PARQUET;SNAPPY;COLUMN8;VARCHAR2;;;.;N;SNAPSHOT;;;True
TEST_TABLE73;DWH;*.parquet;PARQUET;SNAPPY;COLUMN9;VARCHAR2;;;.;N;SNAPSHOT;;;True
TEST_TABLE74;DWH;*.parquet;PARQUET;SNAPPY;COLUMN0;VARCHAR2;;;.;N;SNAPSHOT;;;True
TEST_TABLE74;DWH;*.parquet;PARQUET;SNAPPY;COLUMN1;VARCHAR2;;;.;N;SNAPSHOT;;;True
TEST_TABLE74;DWH;*.parquet;PARQUET;SNAPPY;COLUMN2;VARCHAR2;;;.;N;SNAPSHOT;;;True
TEST_TABLE74;DWH;*.parquet;PARQUET;SNAPPY;COLUMN3;VARCHAR2;;;.;N;SNAPSHOT;;;True
TEST_TABLE74;DWH;*.parquet;PARQUET;SNAPPY;COLUMN4;VARCHAR2;;;.;N;SNAPSHOT;;;True
TEST_TABLE74;DWH;*.parquet;PARQUET;SNAPPY;COLUMN5;VARCHAR2;;;.;N;SNAPSHOT;;;True
TEST_TABLE74;DWH;*.parquet;PARQUET;SNAPPY;COLUMN6;VARCHAR2;;;.;N;SNAPSHOT;;;True
TEST_TABLE74;DWH;*.parquet;PARQUET;SNAPPY;COLUMN7;VARCHAR2;;;.;N;SNAPSHOT;;;True
TEST_TABLE74;DWH;*.parquet;PARQUET;SNAPPY;COLUMN8;VARCHAR2;;;.;N;SNAPSHOT;;;True
TEST_TABLE74;DWH;*.parquet;PARQUET;SNAPPY;COLUMN9;VARCHAR2;;;.;N;SNAPSHOT;;;True
TEST_TABLE75;DWH;*.parquet;PARQUET;SNAPPY;COLUMN0;VARCHAR2;;;.;N;SNAPSHOT;;;True
TEST_TABLE75;DWH;*.parquet;PARQUET;SNAPPY;COLUMN1;VARCHAR2;;;.;N;SNAPSHOT;;;True
TEST_TABLE75;DWH;*.parquet;PARQUET;SNAPPY;COLUMN2;VARCHAR2;;;.;N;SNAPSHOT;;;True
TEST_TABLE75;DWH;*.parquet;PARQUET;SNAPPY;COLUMN3;VARCHAR2;;;.;N;SNAPSHOT;;;True
TEST_TABLE75;DWH;*.parquet;PARQUET;SNAPPY;COLUMN4;VARCHAR2;;;.;N;SNAPSHOT;;;True
TEST_TABLE75;DWH;*.parquet;PARQUET;SNAPPY;COLUMN5;VARCHAR2;;;.;N;SNAPSHOT;;;True
TEST_TABLE75;DWH;*.parquet;PARQUET;SNAPPY;COLUMN6;VARCHAR2;;;.;N;SNAPSHOT;;;True
TEST_TABLE75;DWH;*.parquet;PARQUET;SNAPPY;COLUMN7;VARCHAR2;;;.;N;SNAPSHOT;;;True
TEST_TABLE75;DWH;*.parquet;PARQUET;SNAPPY;COLUMN8;VARCHAR2;;;.;N;SNAPSHOT;;;True
TEST_TABLE75;DWH;*.parquet;PARQUET;SNAPPY;COLUMN9;VARCHAR2;;;.;N;SNAPSHOT;;;True
TEST_TABLE76;DWH;*.parquet;PARQUET;SNAPPY;COLUMN0;VARCHAR2;;;.;N;SNAPSHOT;;;True
TEST_TABLE76;DWH;*.parquet;PARQUET;SNAPPY;COLUMN1;VARCHAR2;;;.;N;SNAPSHOT;;;True
TEST_TABLE76;DWH;*.parquet;PARQUET;SNAPPY;COLUMN2;VARCHAR2;;;.;N;SNAPSHOT;;;True
TEST_TABLE76;DWH;*.parquet;PARQUET;SNAPPY;COLUMN3;VARCHAR2;;;.;N;SNAPSHOT;;;True
TEST_TABLE76;DWH;*.parquet;PARQUET;SNAPPY;COLUMN4;VARCHAR2;;;.;N;SNAPSHOT;;;True
TEST_TABLE76;DWH;*.parquet;PARQUET;SNAPPY;COLUMN5;VARCHAR2;;;.;N;SNAPSHOT;;;True
TEST_TABLE76;DWH;*.parquet;PARQUET;SNAPPY;COLUMN6;VARCHAR2;;;.;N;SNAPSHOT;;;True
TEST_TABLE76;DWH;*.parquet;PARQUET;SNAPPY;COLUMN7;VARCHAR2;;;.;N;SNAPSHOT;;;True
TEST_TABLE76;DWH;*.parquet;PARQUET;SNAPPY;COLUMN8;VARCHAR2;;;.;N;SNAPSHOT;;;True
TEST_TABLE76;DWH;*.parquet;PARQUET;SNAPPY;COLUMN9;VARCHAR2;;;.;N;SNAPSHOT;;;True
TEST_TABLE77;DWH;*.parquet;PARQUET;SNAPPY;COLUMN0;VARCHAR2;;;.;N;SNAPSHOT;;;True
TEST_TABLE77;DWH;*.parquet;PARQUET;SNAPPY;COLUMN1;VARCHAR2;;;.;N;SNAPSHOT;;;True
TEST_TABLE77;DWH;*.parquet;PARQUET;SNAPPY;COLUMN2;VARCHAR2;;;.;N;SNAPSHOT;;;True
TEST_TABLE77;DWH;*.parquet;PARQUET;SNAPPY;COLUMN3;VARCHAR2;;;.;N;SNAPSHOT;;;True
TEST_TABLE77;DWH;*.parquet;PARQUET;SNAPPY;COLUMN4;VARCHAR2;;;.;N;SNAPSHOT;;;True
TEST_TABLE77;DWH;*.parquet;PARQUET;SNAPPY;COLUMN5;VARCHAR2;;;.;N;SNAPSHOT;;;True
TEST_TABLE77;DWH;*.parquet;PARQUET;SNAPPY;COLUMN6;VARCHAR2;;;.;N;SNAPSHOT;;;True
TEST_TABLE77;DWH;*.parquet;PARQUET;SNAPPY;COLUMN7;VARCHAR2;;;.;N;SNAPSHOT;;;True
TEST_TABLE77;DWH;*.parquet;PARQUET;SNAPPY;COLUMN8;VARCHAR2;;;.;N;SNAPSHOT;;;True
TEST_TABLE77;DWH;*.parquet;PARQUET;SNAPPY;COLUMN9;VARCHAR2;;;.;N;SNAPSHOT;;;True
TEST_TABLE78;DWH;*.parquet;PARQUET;SNAPPY;COLUMN0;VARCHAR2;;;.;N;SNAPSHOT;;;True
TEST_TABLE78;DWH;*.parquet;PARQUET;SNAPPY;COLUMN1;VARCHAR2;;;.;N;SNAPSHOT;;;True
TEST_TABLE78;DWH;*.parquet;PARQUET;SNAPPY;COLUMN2;VARCHAR2;;;.;N;SNAPSHOT;;;True
TEST_TABLE78;DWH;*.parquet;PARQUET;SNAPPY;COLUMN3;VARCHAR2;;;.;N;SNAPSHOT;;;True
TEST_TABLE78;DWH;*.parquet;PARQUET;SNAPPY;COLUMN4;VARCHAR2;;;.;N;SNAPSHOT;;;True
TEST_TABLE78;DWH;*.parquet;PARQUET;SNAPPY;COLUMN5;VARCHAR2;;;.;N;SNAPSHOT;;;True
TEST_TABLE78;DWH;*.parquet;PARQUET;SNAPPY;COLUMN6;VARCHAR2;;;.;N;SNAPSHOT;;;True
TEST_TABLE78;DWH;*.parquet;PARQUET;SNAPPY;COLUMN7;VARCHAR2;;;.;N;SNAPSHOT;;;True
TEST_TABLE78;DWH;*.parquet;PARQUET;SNAPPY;COLUMN8;VARCHAR2;;;.;N;SNAPSHOT;;;True
TEST_TABLE78;DWH;*.parquet;PARQUET;SNAPPY;COLUMN9;VARCHAR2;;;.;N;SNAPSHOT;;;True
TEST_TABLE79;DWH;*.parquet;PARQUET;SNAPPY;COLUMN0;VARCHAR2;;;.;N;SNAPSHOT;;;True
TEST_TABLE79;DWH;*.parquet;PARQUET;SNAPPY;COLUMN1;VARCHAR2;;;.;N;SNAPSHOT;;;True
TEST_TABLE79;DWH;*.parquet;PARQUET;SNAPPY;COLUMN2;VARCHAR2;;;.;N;SNAPSHOT;;;True
TEST_TABLE79;DWH;*.parquet;PARQUET;SNAPPY;COLUMN3;VARCHAR2;;;.;N;SNAPSHOT;;;True
TEST_TABLE79;DWH;*.parquet;PARQUET;SNAPPY;COLUMN4;VARCHAR2;;;.;N;SNAPSHOT;;;True
TEST_TABLE79;DWH;*.parquet;PARQUET;SNAPPY;COLUMN5;VARCHAR2;;;.;N;SNAPSHOT;;;True
TEST_TABLE79;DWH;*.parquet;PARQUET;SNAPPY;COLUMN6;VARCHAR2;;;.;N;SNAPSHOT;;;True
TEST_TABLE79;DWH;*.parquet;PARQUET;SNAPPY;COLUMN7;VARCHAR2;;;.;N;SNAPSHOT;;;True
TEST_TABLE79;DWH;*.parquet;PARQUET;SNAPPY;COLUMN8;VARCHAR2;;;.;N;SNAPSHOT;;;True
TEST_TABLE79;DWH;*.parquet;PARQUET;SNAPPY;COLUMN9;VARCHAR2;;;.;N;SNAPSHOT;;;True
TEST_TABLE80;DWH;*.parquet;PARQUET;SNAPPY;COLUMN0;VARCHAR2;;;.;N;SNAPSHOT;;;True
TEST_TABLE80;DWH;*.parquet;PARQUET;SNAPPY;COLUMN1;VARCHAR2;;;.;N;SNAPSHOT;;;True
TEST_TABLE80;DWH;*.parquet;PARQUET;SNAPPY;COLUMN2;VARCHAR2;;;.;N;SNAPSHOT;;;True
TEST_TABLE80;DWH;*.parquet;PARQUET;SNAPPY;COLUMN3;VARCHAR2;;;.;N;SNAPSHOT;;;True
TEST_TABLE80;DWH;*.parquet;PARQUET;SNAPPY;COLUMN4;VARCHAR2;;;.;N;SNAPSHOT;;;True
TEST_TABLE80;DWH;*.parquet;PARQUET;SNAPPY;COLUMN5;VARCHAR2;;;.;N;SNAPSHOT;;;True
TEST_TABLE80;DWH;*.parquet;PARQUET;SNAPPY;COLUMN6;VARCHAR2;;;.;N;SNAPSHOT;;;True
TEST_TABLE80;DWH;*.parquet;PARQUET;SNAPPY;COLUMN7;VARCHAR2;;;.;N;SNAPSHOT;;;True
TEST_TABLE80;DWH;*.parquet;PARQUET;SNAPPY;COLUMN8;VARCHAR2;;;.;N;SNAPSHOT;;;True
TEST_TABLE80;DWH;*.parquet;PARQUET;SNAPPY;COLUMN9;VARCHAR2;;;.;N;SNAPSHOT;;;True
TEST_TABLE81;DWH;*.parquet;PARQUET;SNAPPY;COLUMN0;VARCHAR2;;;.;N;SNAPSHOT;;;True
TEST_TABLE81;DWH;*.parquet;PARQUET;SNAPPY;COLUMN1;VARCHAR2;;;.;N;SNAPSHOT;;;True
TEST_TABLE81;DWH;*.parquet;PARQUET;SNAPPY;COLUMN2;VARCHAR2;;;.;N;SNAPSHOT;;;True
TEST_TABLE81;DWH;*.parquet;PARQUET;SNAPPY;COLUMN3;VARCHAR2;;;.;N;SNAPSHOT;;;True
TEST_TABLE81;DWH;*.parquet;PARQUET;SNAPPY;COLUMN4;VARCHAR2;;;.;N;SNAPSHOT;;;True
TEST_TABLE81;DWH;*.parquet;PARQUET;SNAPPY;COLUMN5;VARCHAR2;;;.;N;SNAPSHOT;;;True
TEST_TABLE81;DWH;*.parquet;PARQUET;SNAPPY;COLUMN6;VARCHAR2;;;.;N;SNAPSHOT;;;True
TEST_TABLE81;DWH;*.parquet;PARQUET;SNAPPY;COLUMN7;VARCHAR2;;;.;N;SNAPSHOT;;;True
TEST_TABLE81;DWH;*.parquet;PARQUET;SNAPPY;COLUMN8;VARCHAR2;;;.;N;SNAPSHOT;;;True
TEST_TABLE81;DWH;*.parquet;PARQUET;SNAPPY;COLUMN9;VARCHAR2;;;.;N;SNAPSHOT;;;True
TEST_TABLE82;DWH;*.parquet;PARQUET;SNAPPY;COLUMN0;VARCHAR2;;;.;N;SNAPSHOT;;;True
TEST_TABLE82;DWH;*.parquet;PARQUET;SNAPPY;COLUMN1;VARCHAR2;;;.;N;SNAPSHOT;;;True
TEST_TABLE82;DWH;*.parquet;PARQUET;SNAPPY;COLUMN2;VARCHAR2;;;.;N;SNAPSHOT;;;True
TEST_TABLE82;DWH;*.parquet;PARQUET;SNAPPY;COLUMN3;VARCHAR2;;;.;N;SNAPSHOT;;;True
TEST_TABLE82;DWH;*.parquet;PARQUET;SNAPPY;COLUMN4;VARCHAR2;;;.;N;SNAPSHOT;;;True
TEST_TABLE82;DWH;*.parquet;PARQUET;SNAPPY;COLUMN5;VARCHAR2;;;.;N;SNAPSHOT;;;True
TEST_TABLE82;DWH;*.parquet;PARQUET;SNAPPY;COLUMN6;VARCHAR2;;;.;N;SNAPSHOT;;;True
TEST_TABLE82;DWH;*.parquet;PARQUET;SNAPPY;COLUMN7;VARCHAR2;;;.;N;SNAPSHOT;;;True
TEST_TABLE82;DWH;*.parquet;PARQUET;SNAPPY;COLUMN8;VARCHAR2;;;.;N;SNAPSHOT;;;True
TEST_TABLE82;DWH;*.parquet;PARQUET;SNAPPY;COLUMN9;VARCHAR2;;;.;N;SNAPSHOT;;;True
TEST_TABLE83;DWH;*.parquet;PARQUET;SNAPPY;COLUMN0;VARCHAR2;;;.;N;SNAPSHOT;;;True
TEST_TABLE83;DWH;*.parquet;PARQUET;SNAPPY;COLUMN1;VARCHAR2;;;.;N;SNAPSHOT;;;True
TEST_TABLE83;DWH;*.parquet;PARQUET;SNAPPY;COLUMN2;VARCHAR2;;;.;N;SNAPSHOT;;;True
TEST_TABLE83;DWH;*.parquet;PARQUET;SNAPPY;COLUMN3;VARCHAR2;;;.;N;SNAPSHOT;;;True
TEST_TABLE83;DWH;*.parquet;PARQUET;SNAPPY;COLUMN4;VARCHAR2;;;.;N;SNAPSHOT;;;True
TEST_TABLE83;DWH;*.parquet;PARQUET;SNAPPY;COLUMN5;VARCHAR2;;;.;N;SNAPSHOT;;;True
TEST_TABLE83;DWH;*.parquet;PARQUET;SNAPPY;COLUMN6;VARCHAR2;;;.;N;SNAPSHOT;;;True
TEST_TABLE83;DWH;*.parquet;PARQUET;SNAPPY;COLUMN7;VARCHAR2;;;.;N;SNAPSHOT;;;True
TEST_TABLE83;DWH;*.parquet;PARQUET;SNAPPY;COLUMN8;VARCHAR2;;;.;N;SNAPSHOT;;;True
TEST_TABLE83;DWH;*.parquet;PARQUET;SNAPPY;COLUMN9;VARCHAR2;;;.;N;SNAPSHOT;;;True
TEST_TABLE84;DWH;*.parquet;PARQUET;SNAPPY;COLUMN0;VARCHAR2;;;.;N;SNAPSHOT;;;True
TEST_TABLE84;DWH;*.parquet;PARQUET;SNAPPY;COLUMN1;VARCHAR2;;;.;N;SNAPSHOT;;;True
TEST_TABLE84;DWH;*.parquet;PARQUET;SNAPPY;COLUMN2;VARCHAR2;;;.;N;SNAPSHOT;;;True
TEST_TABLE84;DWH;*.parquet;PARQUET;SNAPPY;COLUMN3;VARCHAR2;;;.;N;SNAPSHOT;;;True
TEST_TABLE84;DWH;*.parquet;PARQUET;SNAPPY;COLUMN4;VARCHAR2;;;.;N;SNAPSHOT;;;True
TEST_TABLE84;DWH;*.parquet;PARQUET;SNAPPY;COLUMN5;VARCHAR2;;;.;N;SNAPSHOT;;;True
TEST_TABLE84;DWH;*.parquet;PARQUET;SNAPPY;COLUMN6;VARCHAR2;;;.;N;SNAPSHOT;;;True
TEST_TABLE84;DWH;*.parquet;PARQUET;SNAPPY;COLUMN7;VARCHAR2;;;.;N;SNAPSHOT;;;True
TEST_TABLE84;DWH;*.parquet;PARQUET;SNAPPY;COLUMN8;VARCHAR2;;;.;N;SNAPSHOT;;;True
TEST_TABLE84;DWH;*.parquet;PARQUET;SNAPPY;COLUMN9;VARCHAR2;;;.;N;SNAPSHOT;;;True
TEST_TABLE85;DWH;*.parquet;PARQUET;SNAPPY;COLUMN0;VARCHAR2;;;.;N;SNAPSHOT;;;True
TEST_TABLE85;DWH;*.parquet;PARQUET;SNAPPY;COLUMN1;VARCHAR2;;;.;N;SNAPSHOT;;;True
TEST_TABLE85;DWH;*.parquet;PARQUET;SNAPPY;COLUMN2;VARCHAR2;;;.;N;SNAPSHOT;;;True
TEST_TABLE85;DWH;*.parquet;PARQUET;SNAPPY;COLUMN3;VARCHAR2;;;.;N;SNAPSHOT;;;True
TEST_TABLE85;DWH;*.parquet;PARQUET;SNAPPY;COLUMN4;VARCHAR2;;;.;N;SNAPSHOT;;;True
TEST_TABLE85;DWH;*.parquet;PARQUET;SNAPPY;COLUMN5;VARCHAR2;;;.;N;SNAPSHOT;;;True
TEST_TABLE85;DWH;*.parquet;PARQUET;SNAPPY;COLUMN6;VARCHAR2;;;.;N;SNAPSHOT;;;True
TEST_TABLE85;DWH;*.parquet;PARQUET;SNAPPY;COLUMN7;VARCHAR2;;;.;N;SNAPSHOT;;;True
TEST_TABLE85;DWH;*.parquet;PARQUET;SNAPPY;COLUMN8;VARCHAR2;;;.;N;SNAPSHOT;;;True
TEST_TABLE85;DWH;*.parquet;PARQUET;SNAPPY;COLUMN9;VARCHAR2;;;.;N;SNAPSHOT;;;True
TEST_TABLE86;DWH;*.parquet;PARQUET;SNAPPY;COLUMN0;VARCHAR2;;;.;N;SNAPSHOT;;;True
TEST_TABLE86;DWH;*.parquet;PARQUET;SNAPPY;COLUMN1;VARCHAR2;;;.;N;SNAPSHOT;;;True
TEST_TABLE86;DWH;*.parquet;PARQUET;SNAPPY;COLUMN2;VARCHAR2;;;.;N;SNAPSHOT;;;True
TEST_TABLE86;DWH;*.parquet;PARQUET;SNAPPY;COLUMN3;VARCHAR2;;;.;N;SNAPSHOT;;;True
TEST_TABLE86;DWH;*.parquet;PARQUET;SNAPPY;COLUMN4;VARCHAR2;;;.;N;SNAPSHOT;;;True
TEST_TABLE86;DWH;*.parquet;PARQUET;SNAPPY;COLUMN5;VARCHAR2;;;.;N;SNAPSHOT;;;True
TEST_TABLE86;DWH;*.parquet;PARQUET;SNAPPY;COLUMN6;VARCHAR2;;;.;N;SNAPSHOT;;;True
TEST_TABLE86;DWH;*.parquet;PARQUET;SNAPPY;COLUMN7;VARCHAR2;;;.;N;SNAPSHOT;;;True
TEST_TABLE86;DWH;*.parquet;PARQUET;SNAPPY;COLUMN8;VARCHAR2;;;.;N;SNAPSHOT;;;True
TEST_TABLE86;DWH;*.parquet;PARQUET;SNAPPY;COLUMN9;VARCHAR2;;;.;N;SNAPSHOT;;;True
TEST_TABLE87;DWH;*.parquet;PARQUET;SNAPPY;COLUMN0;VARCHAR2;;;.;N;SNAPSHOT;;;True
TEST_TABLE87;DWH;*.parquet;PARQUET;SNAPPY;COLUMN1;VARCHAR2;;;.;N;SNAPSHOT;;;True
TEST_TABLE87;DWH;*.parquet;PARQUET;SNAPPY;COLUMN2;VARCHAR2;;;.;N;SNAPSHOT;;;True
TEST_TABLE87;DWH;*.parquet;PARQUET;SNAPPY;COLUMN3;VARCHAR2;;;.;N;SNAPSHOT;;;True
TEST_TABLE87;DWH;*.parquet;PARQUET;SNAPPY;COLUMN4;VARCHAR2;;;.;N;SNAPSHOT;;;True
TEST_TABLE87;DWH;*.parquet;PARQUET;SNAPPY;COLUMN5;VARCHAR2;;;.;N;SNAPSHOT;;;True
TEST_TABLE87;DWH;*.parquet;PARQUET;SNAPPY;COLUMN6;VARCHAR2;;;.;N;SNAPSHOT;;;True
TEST_TABLE87;DWH;*.parquet;PARQUET;SNAPPY;COLUMN7;VARCHAR2;;;.;N;SNAPSHOT;;;True
TEST_TABLE87;DWH;*.parquet;PARQUET;SNAPPY;COLUMN8;VARCHAR2;;;.;N;SNAPSHOT;;;True
TEST_TABLE87;DWH;*.parquet;PARQUET;SNAPPY;COLUMN9;VARCHAR2;;;.;N;SNAPSHOT;;;True
TEST_TABLE88;DWH;*.parquet;PARQUET;SNAPPY;COLUMN0;VARCHAR2;;;.;N;SNAPSHOT;;;True
TEST_TABLE88;DWH;*.parquet;PARQUET;SNAPPY;COLUMN1;VARCHAR2;;;.;N;SNAPSHOT;;;True
TEST_TABLE88;DWH;*.parquet;PARQUET;SNAPPY;COLUMN2;VARCHAR2;;;.;N;SNAPSHOT;;;True
TEST_TABLE88;DWH;*.parquet;PARQUET;SNAPPY;COLUMN3;VARCHAR2;;;.;N;SNAPSHOT;;;True
TEST_TABLE88;DWH;*.parquet;PARQUET;SNAPPY;COLUMN4;VARCHAR2;;;.;N;SNAPSHOT;;;True
TEST_TABLE88;DWH;*.parquet;PARQUET;SNAPPY;COLUMN5;VARCHAR2;;;.;N;SNAPSHOT;;;True
TEST_TABLE88;DWH;*.parquet;PARQUET;SNAPPY;COLUMN6;VARCHAR2;;;.;N;SNAPSHOT;;;True
TEST_TABLE88;DWH;*.parquet;PARQUET;SNAPPY;COLUMN7;VARCHAR2;;;.;N;SNAPSHOT;;;True
TEST_TABLE88;DWH;*.parquet;PARQUET;SNAPPY;COLUMN8;VARCHAR2;;;.;N;SNAPSHOT;;;True
TEST_TABLE88;DWH;*.parquet;PARQUET;SNAPPY;COLUMN9;VARCHAR2;;;.;N;SNAPSHOT;;;True
TEST_TABLE89;DWH;*.parquet;PARQUET;SNAPPY;COLUMN0;VARCHAR2;;;.;N;SNAPSHOT;;;True
TEST_TABLE89;DWH;*.parquet;PARQUET;SNAPPY;COLUMN1;VARCHAR2;;;.;N;SNAPSHOT;;;True
TEST_TABLE89;DWH;*.parquet;PARQUET;SNAPPY;COLUMN2;VARCHAR2;;;.;N;SNAPSHOT;;;True
TEST_TABLE89;DWH;*.parquet;PARQUET;SNAPPY;COLUMN3;VARCHAR2;;;.;N;SNAPSHOT;;;True
TEST_TABLE89;DWH;*.parquet;PARQUET;SNAPPY;COLUMN4;VARCHAR2;;;.;N;SNAPSHOT;;;True
TEST_TABLE89;DWH;*.parquet;PARQUET;SNAPPY;COLUMN5;VARCHAR2;;;.;N;SNAPSHOT;;;True
TEST_TABLE89;DWH;*.parquet;PARQUET;SNAPPY;COLUMN6;VARCHAR2;;;.;N;SNAPSHOT;;;True
TEST_TABLE89;DWH;*.parquet;PARQUET;SNAPPY;COLUMN7;VARCHAR2;;;.;N;SNAPSHOT;;;True
TEST_TABLE89;DWH;*.parquet;PARQUET;SNAPPY;COLUMN8;VARCHAR2;;;.;N;SNAPSHOT;;;True
TEST_TABLE89;DWH;*.parquet;PARQUET;SNAPPY;COLUMN9;VARCHAR2;;;.;N;SNAPSHOT;;;True
TEST_TABLE90;DWH;*.parquet;PARQUET;SNAPPY;COLUMN0;VARCHAR2;;;.;N;SNAPSHOT;;;True
TEST_TABLE90;DWH;*.parquet;PARQUET;SNAPPY;COLUMN1;VARCHAR2;;;.;N;SNAPSHOT;;;True
TEST_TABLE90;DWH;*.parquet;PARQUET;SNAPPY;COLUMN2;VARCHAR2;;;.;N;SNAPSHOT;;;True
TEST_TABLE90;DWH;*.parquet;PARQUET;SNAPPY;COLUMN3;VARCHAR2;;;.;N;SNAPSHOT;;;True
TEST_TABLE90;DWH;*.parquet;PARQUET;SNAPPY;COLUMN4;VARCHAR2;;;.;N;SNAPSHOT;;;True
TEST_TABLE90;DWH;*.parquet;PARQUET;SNAPPY;COLUMN5;VARCHAR2;;;.;N;SNAPSHOT;;;True
TEST_TABLE90;DWH;*.parquet;PARQUET;SNAPPY;COLUMN6;VARCHAR2;;;.;N;SNAPSHOT;;;True
TEST_TABLE90;DWH;*.parquet;PARQUET;SNAPPY;COLUMN7;VARCHAR2;;;.;N;SNAPSHOT;;;True
TEST_TABLE90;DWH;*.parquet;PARQUET;SNAPPY;COLUMN8;VARCHAR2;;;.;N;SNAPSHOT;;;True
TEST_TABLE90;DWH;*.parquet;PARQUET;SNAPPY;COLUMN9;VARCHAR2;;;.;N;SNAPSHOT;;;True
TEST_TABLE91;DWH;*.parquet;PARQUET;SNAPPY;COLUMN0;VARCHAR2;;;.;N;SNAPSHOT;;;True
TEST_TABLE91;DWH;*.parquet;PARQUET;SNAPPY;COLUMN1;VARCHAR2;;;.;N;SNAPSHOT;;;True
TEST_TABLE91;DWH;*.parquet;PARQUET;SNAPPY;COLUMN2;VARCHAR2;;;.;N;SNAPSHOT;;;True
TEST_TABLE91;DWH;*.parquet;PARQUET;SNAPPY;COLUMN3;VARCHAR2;;;.;N;SNAPSHOT;;;True
TEST_TABLE91;DWH;*.parquet;PARQUET;SNAPPY;COLUMN4;VARCHAR2;;;.;N;SNAPSHOT;;;True
TEST_TABLE91;DWH;*.parquet;PARQUET;SNAPPY;COLUMN5;VARCHAR2;;;.;N;SNAPSHOT;;;True
TEST_TABLE91;DWH;*.parquet;PARQUET;SNAPPY;COLUMN6;VARCHAR2;;;.;N;SNAPSHOT;;;True
TEST_TABLE91;DWH;*.parquet;PARQUET;SNAPPY;COLUMN7;VARCHAR2;;;.;N;SNAPSHOT;;;True
TEST_TABLE91;DWH;*.parquet;PARQUET;SNAPPY;COLUMN8;VARCHAR2;;;.;N;SNAPSHOT;;;True
TEST_TABLE91;DWH;*.parquet;PARQUET;SNAPPY;COLUMN9;VARCHAR2;;;.;N;SNAPSHOT;;;True
TEST_TABLE92;DWH;*.parquet;PARQUET;SNAPPY;COLUMN0;VARCHAR2;;;.;N;SNAPSHOT;;;True
TEST_TABLE92;DWH;*.parquet;PARQUET;SNAPPY;COLUMN1;VARCHAR2;;;.;N;SNAPSHOT;;;True
TEST_TABLE92;DWH;*.parquet;PARQUET;SNAPPY;COLUMN2;VARCHAR2;;;.;N;SNAPSHOT;;;True
TEST_TABLE92;DWH;*.parquet;PARQUET;SNAPPY;COLUMN3;VARCHAR2;;;.;N;SNAPSHOT;;;True
TEST_TABLE92;DWH;*.parquet;PARQUET;SNAPPY;COLUMN4;VARCHAR2;;;.;N;SNAPSHOT;;;True
TEST_TABLE92;DWH;*.parquet;PARQUET;SNAPPY;COLUMN5;VARCHAR2;;;.;N;SNAPSHOT;;;True
TEST_TABLE92;DWH;*.parquet;PARQUET;SNAPPY;COLUMN6;VARCHAR2;;;.;N;SNAPSHOT;;;True
TEST_TABLE92;DWH;*.parquet;PARQUET;SNAPPY;COLUMN7;VARCHAR2;;;.;N;SNAPSHOT;;;True
TEST_TABLE92;DWH;*.parquet;PARQUET;SNAPPY;COLUMN8;VARCHAR2;;;.;N;SNAPSHOT;;;True
TEST_TABLE92;DWH;*.parquet;PARQUET;SNAPPY;COLUMN9;VARCHAR2;;;.;N;SNAPSHOT;;;True
TEST_TABLE93;DWH;*.parquet;PARQUET;SNAPPY;COLUMN0;VARCHAR2;;;.;N;SNAPSHOT;;;True
TEST_TABLE93;DWH;*.parquet;PARQUET;SNAPPY;COLUMN1;VARCHAR2;;;.;N;SNAPSHOT;;;True
TEST_TABLE93;DWH;*.parquet;PARQUET;SNAPPY;COLUMN2;VARCHAR2;;;.;N;SNAPSHOT;;;True
TEST_TABLE93;DWH;*.parquet;PARQUET;SNAPPY;COLUMN3;VARCHAR2;;;.;N;SNAPSHOT;;;True
TEST_TABLE93;DWH;*.parquet;PARQUET;SNAPPY;COLUMN4;VARCHAR2;;;.;N;SNAPSHOT;;;True
TEST_TABLE93;DWH;*.parquet;PARQUET;SNAPPY;COLUMN5;VARCHAR2;;;.;N;SNAPSHOT;;;True
TEST_TABLE93;DWH;*.parquet;PARQUET;SNAPPY;COLUMN6;VARCHAR2;;;.;N;SNAPSHOT;;;True
TEST_TABLE93;DWH;*.parquet;PARQUET;SNAPPY;COLUMN7;VARCHAR2;;;.;N;SNAPSHOT;;;True
TEST_TABLE93;DWH;*.parquet;PARQUET;SNAPPY;COLUMN8;VARCHAR2;;;.;N;SNAPSHOT;;;True
TEST_TABLE93;DWH;*.parquet;PARQUET;SNAPPY;COLUMN9;VARCHAR2;;;.;N;SNAPSHOT;;;True
TEST_TABLE94;DWH;*.parquet;PARQUET;SNAPPY;COLUMN0;VARCHAR2;;;.;N;SNAPSHOT;;;True
TEST_TABLE94;DWH;*.parquet;PARQUET;SNAPPY;COLUMN1;VARCHAR2;;;.;N;SNAPSHOT;;;True
TEST_TABLE94;DWH;*.parquet;PARQUET;SNAPPY;COLUMN2;VARCHAR2;;;.;N;SNAPSHOT;;;True
TEST_TABLE94;DWH;*.parquet;PARQUET;SNAPPY;COLUMN3;VARCHAR2;;;.;N;SNAPSHOT;;;True
TEST_TABLE94;DWH;*.parquet;PARQUET;SNAPPY;COLUMN4;VARCHAR2;;;.;N;SNAPSHOT;;;True
TEST_TABLE94;DWH;*.parquet;PARQUET;SNAPPY;COLUMN5;VARCHAR2;;;.;N;SNAPSHOT;;;True
TEST_TABLE94;DWH;*.parquet;PARQUET;SNAPPY;COLUMN6;VARCHAR2;;;.;N;SNAPSHOT;;;True
TEST_TABLE94;DWH;*.parquet;PARQUET;SNAPPY;COLUMN7;VARCHAR2;;;.;N;SNAPSHOT;;;True
TEST_TABLE94;DWH;*.parquet;PARQUET;SNAPPY;COLUMN8;VARCHAR2;;;.;N;SNAPSHOT;;;True
TEST_TABLE94;DWH;*.parquet;PARQUET;SNAPPY;COLUMN9;VARCHAR2;;;.;N;SNAPSHOT;;;True
TEST_TABLE95;DWH;*.parquet;PARQUET;SNAPPY;COLUMN0;VARCHAR2;;;.;N;SNAPSHOT;;;True
TEST_TABLE95;DWH;*.parquet;PARQUET;SNAPPY;COLUMN1;VARCHAR2;;;.;N;SNAPSHOT;;;True
TEST_TABLE95;DWH;*.parquet;PARQUET;SNAPPY;COLUMN2;VARCHAR2;;;.;N;SNAPSHOT;;;True
TEST_TABLE95;DWH;*.parquet;PARQUET;SNAPPY;COLUMN3;VARCHAR2;;;.;N;SNAPSHOT;;;True
TEST_TABLE95;DWH;*.parquet;PARQUET;SNAPPY;COLUMN4;VARCHAR2;;;.;N;SNAPSHOT;;;True
TEST_TABLE95;DWH;*.parquet;PARQUET;SNAPPY;COLUMN5;VARCHAR2;;;.;N;SNAPSHOT;;;True
TEST_TABLE95;DWH;*.parquet;PARQUET;SNAPPY;COLUMN6;VARCHAR2;;;.;N;SNAPSHOT;;;True
TEST_TABLE95;DWH;*.parquet;PARQUET;SNAPPY;COLUMN7;VARCHAR2;;;.;N;SNAPSHOT;;;True
TEST_TABLE95;DWH;*.parquet;PARQUET;SNAPPY;COLUMN8;VARCHAR2;;;.;N;SNAPSHOT;;;True
TEST_TABLE95;DWH;*.parquet;PARQUET;SNAPPY;COLUMN9;VARCHAR2;;;.;N;SNAPSHOT;;;True
TEST_TABLE96;DWH;*.parquet;PARQUET;SNAPPY;COLUMN0;VARCHAR2;;;.;N;SNAPSHOT;;;True
TEST_TABLE96;DWH;*.parquet;PARQUET;SNAPPY;COLUMN1;VARCHAR2;;;.;N;SNAPSHOT;;;True
TEST_TABLE96;DWH;*.parquet;PARQUET;SNAPPY;COLUMN2;VARCHAR2;;;.;N;SNAPSHOT;;;True
TEST_TABLE96;DWH;*.parquet;PARQUET;SNAPPY;COLUMN3;VARCHAR2;;;.;N;SNAPSHOT;;;True
TEST_TABLE96;DWH;*.parquet;PARQUET;SNAPPY;COLUMN4;VARCHAR2;;;.;N;SNAPSHOT;;;True
TEST_TABLE96;DWH;*.parquet;PARQUET;SNAPPY;COLUMN5;VARCHAR2;;;.;N;SNAPSHOT;;;True
TEST_TABLE96;DWH;*.parquet;PARQUET;SNAPPY;COLUMN6;VARCHAR2;;;.;N;SNAPSHOT;;;True
TEST_TABLE96;DWH;*.parquet;PARQUET;SNAPPY;COLUMN7;VARCHAR2;;;.;N;SNAPSHOT;;;True
TEST_TABLE96;DWH;*.parquet;PARQUET;SNAPPY;COLUMN8;VARCHAR2;;;.;N;SNAPSHOT;;;True
TEST_TABLE96;DWH;*.parquet;PARQUET;SNAPPY;COLUMN9;VARCHAR2;;;.;N;SNAPSHOT;;;True
TEST_TABLE97;DWH;*.parquet;PARQUET;SNAPPY;COLUMN0;VARCHAR2;;;.;N;SNAPSHOT;;;True
TEST_TABLE97;DWH;*.parquet;PARQUET;SNAPPY;COLUMN1;VARCHAR2;;;.;N;SNAPSHOT;;;True
TEST_TABLE97;DWH;*.parquet;PARQUET;SNAPPY;COLUMN2;VARCHAR2;;;.;N;SNAPSHOT;;;True
TEST_TABLE97;DWH;*.parquet;PARQUET;SNAPPY;COLUMN3;VARCHAR2;;;.;N;SNAPSHOT;;;True
TEST_TABLE97;DWH;*.parquet;PARQUET;SNAPPY;COLUMN4;VARCHAR2;;;.;N;SNAPSHOT;;;True
TEST_TABLE97;DWH;*.parquet;PARQUET;SNAPPY;COLUMN5;VARCHAR2;;;.;N;SNAPSHOT;;;True
TEST_TABLE97;DWH;*.parquet;PARQUET;SNAPPY;COLUMN6;VARCHAR2;;;.;N;SNAPSHOT;;;True
TEST_TABLE97;DWH;*.parquet;PARQUET;SNAPPY;COLUMN7;VARCHAR2;;;.;N;SNAPSHOT;;;True
TEST_TABLE97;DWH;*.parquet;PARQUET;SNAPPY;COLUMN8;VARCHAR2;;;.;N;SNAPSHOT;;;True
TEST_TABLE97;DWH;*.parquet;PARQUET;SNAPPY;COLUMN9;VARCHAR2;;;.;N;SNAPSHOT;;;True
TEST_TABLE98;DWH;*.parquet;PARQUET;SNAPPY;COLUMN0;VARCHAR2;;;.;N;SNAPSHOT;;;True
TEST_TABLE98;DWH;*.parquet;PARQUET;SNAPPY;COLUMN1;VARCHAR2;;;.;N;SNAPSHOT;;;True
TEST_TABLE98;DWH;*.parquet;PARQUET;SNAPPY;COLUMN2;VARCHAR2;;;.;N;SNAPSHOT;;;True
TEST_TABLE98;DWH;*.parquet;PARQUET;SNAPPY;COLUMN3;VARCHAR2;;;.;N;SNAPSHOT;;;True
TEST_TABLE98;DWH;*.parquet;PARQUET;SNAPPY;COLUMN4;VARCHAR2;;;.;N;SNAPSHOT;;;True
TEST_TABLE98;DWH;*.parquet;PARQUET;SNAPPY;COLUMN5;VARCHAR2;;;.;N;SNAPSHOT;;;True
TEST_TABLE98;DWH;*.parquet;PARQUET;SNAPPY;COLUMN6;VARCHAR2;;;.;N;SNAPSHOT;;;True
TEST_TABLE98;DWH;*.parquet;PARQUET;SNAPPY;COLUMN7;VARCHAR2;;;.;N;SNAPSHOT;;;True
TEST_TABLE98;DWH;*.parquet;PARQUET;SNAPPY;COLUMN8;VARCHAR2;;;.;N;SNAPSHOT;;;True
TEST_TABLE98;DWH;*.parquet;PARQUET;SNAPPY;COLUMN9;VARCHAR2;;;.;N;SNAPSHOT;;;True
TEST_TABLE99;DWH;*.parquet;PARQUET;SNAPPY;COLUMN0;VARCHAR2;;;.;N;SNAPSHOT;;;True
TEST_TABLE99;DWH;*.parquet;PARQUET;SNAPPY;COLUMN1;VARCHAR2;;;.;N;SNAPSHOT;;;True
TEST_TABLE99;DWH;*.parquet;PARQUET;SNAPPY;COLUMN2;VARCHAR2;;;.;N;SNAPSHOT;;;True
TEST_TABLE99;DWH;*.parquet;PARQUET;SNAPPY;COLUMN3;VARCHAR2;;;.;N;SNAPSHOT;;;True
TEST_TABLE99;DWH;*.parquet;PARQUET;SNAPPY;COLUMN4;VARCHAR2;;;.;N;SNAPSHOT;;;True
TEST_TABLE99;DWH;*.parquet;PARQUET;SNAPPY;COLUMN5;VARCHAR2;;;.;N;SNAPSHOT;;;True
TEST_TABLE99;DWH;*.parquet;PARQUET;SNAPPY;COLUMN6;VARCHAR2;;;.;N;SNAPSHOT;;;True
TEST_TABLE99;DWH;*.parquet;PARQUET;SNAPPY;COLUMN7;VARCHAR2;;;.;N;SNAPSHOT;;;True
TEST_TABLE99;DWH;*.parquet;PARQUET;SNAPPY;COLUMN8;VARCHAR2;;;.;N;SNAPSHOT;;;True
TEST_TABLE99;DWH;*.parquet;PARQUET;SNAPPY;COLUMN9;VARCHAR2;;;.;N;SNAPSHOT;;;True
